ID,user_id,item_id
169,169,"(57441, np.float64(102.09215514727326)),(20518, np.float64(102.09215514727326)),(17833, np.float64(102.09215514727326)),(34425, np.float64(102.09215514727326)),(51564, np.float64(102.09215514727326)),(62141, np.float64(102.09215514727326)),(57928, np.float64(102.09215514727326)),(48641, np.float64(102.09215514727326)),(31965, np.float64(102.09215514727326)),(47684, np.float64(102.09215514727326))"
530,530,"(57441, np.float64(102.09215514727326)),(20518, np.float64(102.09215514727326)),(17833, np.float64(102.09215514727326)),(34425, np.float64(102.09215514727326)),(51564, np.float64(102.09215514727326)),(62141, np.float64(102.09215514727326)),(57928, np.float64(102.09215514727326)),(48641, np.float64(102.09215514727326)),(31965, np.float64(102.09215514727326)),(47684, np.float64(102.09215514727326))"
596,596,"(57441, np.float64(102.09215514727326)),(20518, np.float64(102.09215514727326)),(17833, np.float64(102.09215514727326)),(34425, np.float64(102.09215514727326)),(51564, np.float64(102.09215514727326)),(62141, np.float64(102.09215514727326)),(57928, np.float64(102.09215514727326)),(48641, np.float64(102.09215514727326)),(31965, np.float64(102.09215514727326)),(47684, np.float64(102.09215514727326))"
622,622,"(57441, np.float64(102.09215514727326)),(20518, np.float64(102.09215514727326)),(17833, np.float64(102.09215514727326)),(34425, np.float64(102.09215514727326)),(51564, np.float64(102.09215514727326)),(62141, np.float64(102.09215514727326)),(57928, np.float64(102.09215514727326)),(48641, np.float64(102.09215514727326)),(31965, np.float64(102.09215514727326)),(47684, np.float64(102.09215514727326))"
1047,1047,"(57441, np.float64(102.09215514727326)),(20518, np.float64(102.09215514727326)),(17833, np.float64(102.09215514727326)),(34425, np.float64(102.09215514727326)),(51564, np.float64(102.09215514727326)),(62141, np.float64(102.09215514727326)),(57928, np.float64(102.09215514727326)),(48641, np.float64(102.09215514727326)),(31965, np.float64(102.09215514727326)),(47684, np.float64(102.09215514727326))"
1275,1275,"(57441, np.float64(102.09215514727326)),(20518, np.float64(102.09215514727326)),(17833, np.float64(102.09215514727326)),(34425, np.float64(102.09215514727326)),(51564, np.float64(102.09215514727326)),(62141, np.float64(102.09215514727326)),(57928, np.float64(102.09215514727326)),(48641, np.float64(102.09215514727326)),(31965, np.float64(102.09215514727326)),(47684, np.float64(102.09215514727326))"
2399,2399,"(57441, np.float64(102.09215514727326)),(20518, np.float64(102.09215514727326)),(17833, np.float64(102.09215514727326)),(34425, np.float64(102.09215514727326)),(51564, np.float64(102.09215514727326)),(62141, np.float64(102.09215514727326)),(57928, np.float64(102.09215514727326)),(48641, np.float64(102.09215514727326)),(31965, np.float64(102.09215514727326)),(47684, np.float64(102.09215514727326))"
2912,2912,"(57441, np.float64(102.09215514727326)),(20518, np.float64(102.09215514727326)),(17833, np.float64(102.09215514727326)),(34425, np.float64(102.09215514727326)),(51564, np.float64(102.09215514727326)),(62141, np.float64(102.09215514727326)),(57928, np.float64(102.09215514727326)),(48641, np.float64(102.09215514727326)),(31965, np.float64(102.09215514727326)),(47684, np.float64(102.09215514727326))"
4269,4269,"(57441, np.float64(102.09215514727326)),(20518, np.float64(102.09215514727326)),(17833, np.float64(102.09215514727326)),(34425, np.float64(102.09215514727326)),(51564, np.float64(102.09215514727326)),(62141, np.float64(102.09215514727326)),(57928, np.float64(102.09215514727326)),(48641, np.float64(102.09215514727326)),(31965, np.float64(102.09215514727326)),(47684, np.float64(102.09215514727326))"
4313,4313,"(57441, np.float64(102.09215514727326)),(20518, np.float64(102.09215514727326)),(17833, np.float64(102.09215514727326)),(34425, np.float64(102.09215514727326)),(51564, np.float64(102.09215514727326)),(62141, np.float64(102.09215514727326)),(57928, np.float64(102.09215514727326)),(48641, np.float64(102.09215514727326)),(31965, np.float64(102.09215514727326)),(47684, np.float64(102.09215514727326))"
4433,4433,"(57441, np.float64(102.09215514727326)),(20518, np.float64(102.09215514727326)),(17833, np.float64(102.09215514727326)),(34425, np.float64(102.09215514727326)),(51564, np.float64(102.09215514727326)),(62141, np.float64(102.09215514727326)),(57928, np.float64(102.09215514727326)),(48641, np.float64(102.09215514727326)),(31965, np.float64(102.09215514727326)),(47684, np.float64(102.09215514727326))"
5125,5125,"(57441, np.float64(102.09215514727326)),(20518, np.float64(102.09215514727326)),(17833, np.float64(102.09215514727326)),(34425, np.float64(102.09215514727326)),(51564, np.float64(102.09215514727326)),(62141, np.float64(102.09215514727326)),(57928, np.float64(102.09215514727326)),(48641, np.float64(102.09215514727326)),(31965, np.float64(102.09215514727326)),(47684, np.float64(102.09215514727326))"
5520,5520,"(57441, np.float64(102.09215514727326)),(20518, np.float64(102.09215514727326)),(17833, np.float64(102.09215514727326)),(34425, np.float64(102.09215514727326)),(51564, np.float64(102.09215514727326)),(62141, np.float64(102.09215514727326)),(57928, np.float64(102.09215514727326)),(48641, np.float64(102.09215514727326)),(31965, np.float64(102.09215514727326)),(47684, np.float64(102.09215514727326))"
5728,5728,"(57441, np.float64(102.09215514727326)),(20518, np.float64(102.09215514727326)),(17833, np.float64(102.09215514727326)),(34425, np.float64(102.09215514727326)),(51564, np.float64(102.09215514727326)),(62141, np.float64(102.09215514727326)),(57928, np.float64(102.09215514727326)),(48641, np.float64(102.09215514727326)),(31965, np.float64(102.09215514727326)),(47684, np.float64(102.09215514727326))"
5744,5744,"(57441, np.float64(102.09215514727326)),(20518, np.float64(102.09215514727326)),(17833, np.float64(102.09215514727326)),(34425, np.float64(102.09215514727326)),(51564, np.float64(102.09215514727326)),(62141, np.float64(102.09215514727326)),(57928, np.float64(102.09215514727326)),(48641, np.float64(102.09215514727326)),(31965, np.float64(102.09215514727326)),(47684, np.float64(102.09215514727326))"
6675,6675,"(57441, np.float64(102.09215514727326)),(20518, np.float64(102.09215514727326)),(17833, np.float64(102.09215514727326)),(34425, np.float64(102.09215514727326)),(51564, np.float64(102.09215514727326)),(62141, np.float64(102.09215514727326)),(57928, np.float64(102.09215514727326)),(48641, np.float64(102.09215514727326)),(31965, np.float64(102.09215514727326)),(47684, np.float64(102.09215514727326))"
6828,6828,"(57441, np.float64(102.09215514727326)),(20518, np.float64(102.09215514727326)),(17833, np.float64(102.09215514727326)),(34425, np.float64(102.09215514727326)),(51564, np.float64(102.09215514727326)),(62141, np.float64(102.09215514727326)),(57928, np.float64(102.09215514727326)),(48641, np.float64(102.09215514727326)),(31965, np.float64(102.09215514727326)),(47684, np.float64(102.09215514727326))"
7015,7015,"(57441, np.float64(102.09215514727326)),(20518, np.float64(102.09215514727326)),(17833, np.float64(102.09215514727326)),(34425, np.float64(102.09215514727326)),(51564, np.float64(102.09215514727326)),(62141, np.float64(102.09215514727326)),(57928, np.float64(102.09215514727326)),(48641, np.float64(102.09215514727326)),(31965, np.float64(102.09215514727326)),(47684, np.float64(102.09215514727326))"
7113,7113,"(57441, np.float64(102.09215514727326)),(20518, np.float64(102.09215514727326)),(17833, np.float64(102.09215514727326)),(34425, np.float64(102.09215514727326)),(51564, np.float64(102.09215514727326)),(62141, np.float64(102.09215514727326)),(57928, np.float64(102.09215514727326)),(48641, np.float64(102.09215514727326)),(31965, np.float64(102.09215514727326)),(47684, np.float64(102.09215514727326))"
7886,7886,"(57441, np.float64(102.09215514727326)),(20518, np.float64(102.09215514727326)),(17833, np.float64(102.09215514727326)),(34425, np.float64(102.09215514727326)),(51564, np.float64(102.09215514727326)),(62141, np.float64(102.09215514727326)),(57928, np.float64(102.09215514727326)),(48641, np.float64(102.09215514727326)),(31965, np.float64(102.09215514727326)),(47684, np.float64(102.09215514727326))"
7959,7959,"(57441, np.float64(102.09215514727326)),(20518, np.float64(102.09215514727326)),(17833, np.float64(102.09215514727326)),(34425, np.float64(102.09215514727326)),(51564, np.float64(102.09215514727326)),(62141, np.float64(102.09215514727326)),(57928, np.float64(102.09215514727326)),(48641, np.float64(102.09215514727326)),(31965, np.float64(102.09215514727326)),(47684, np.float64(102.09215514727326))"
8196,8196,"(57441, np.float64(102.09215514727326)),(20518, np.float64(102.09215514727326)),(17833, np.float64(102.09215514727326)),(34425, np.float64(102.09215514727326)),(51564, np.float64(102.09215514727326)),(62141, np.float64(102.09215514727326)),(57928, np.float64(102.09215514727326)),(48641, np.float64(102.09215514727326)),(31965, np.float64(102.09215514727326)),(47684, np.float64(102.09215514727326))"
10816,10816,"(57441, np.float64(102.09215514727326)),(20518, np.float64(102.09215514727326)),(17833, np.float64(102.09215514727326)),(34425, np.float64(102.09215514727326)),(51564, np.float64(102.09215514727326)),(62141, np.float64(102.09215514727326)),(57928, np.float64(102.09215514727326)),(48641, np.float64(102.09215514727326)),(31965, np.float64(102.09215514727326)),(47684, np.float64(102.09215514727326))"
10875,10875,"(57441, np.float64(102.09215514727326)),(20518, np.float64(102.09215514727326)),(17833, np.float64(102.09215514727326)),(34425, np.float64(102.09215514727326)),(51564, np.float64(102.09215514727326)),(62141, np.float64(102.09215514727326)),(57928, np.float64(102.09215514727326)),(48641, np.float64(102.09215514727326)),(31965, np.float64(102.09215514727326)),(47684, np.float64(102.09215514727326))"
11204,11204,"(57441, np.float64(102.09215514727326)),(20518, np.float64(102.09215514727326)),(17833, np.float64(102.09215514727326)),(34425, np.float64(102.09215514727326)),(51564, np.float64(102.09215514727326)),(62141, np.float64(102.09215514727326)),(57928, np.float64(102.09215514727326)),(48641, np.float64(102.09215514727326)),(31965, np.float64(102.09215514727326)),(47684, np.float64(102.09215514727326))"
11340,11340,"(57441, np.float64(102.09215514727326)),(20518, np.float64(102.09215514727326)),(17833, np.float64(102.09215514727326)),(34425, np.float64(102.09215514727326)),(51564, np.float64(102.09215514727326)),(62141, np.float64(102.09215514727326)),(57928, np.float64(102.09215514727326)),(48641, np.float64(102.09215514727326)),(31965, np.float64(102.09215514727326)),(47684, np.float64(102.09215514727326))"
11442,11442,"20518,17833,34425,51564,62141,48641,47684,8412,44271,14278"
12464,12464,"(57441, np.float64(102.09215514727326)),(20518, np.float64(102.09215514727326)),(17833, np.float64(102.09215514727326)),(34425, np.float64(102.09215514727326)),(51564, np.float64(102.09215514727326)),(62141, np.float64(102.09215514727326)),(57928, np.float64(102.09215514727326)),(48641, np.float64(102.09215514727326)),(31965, np.float64(102.09215514727326)),(47684, np.float64(102.09215514727326))"
12495,12495,"(57441, np.float64(102.09215514727326)),(20518, np.float64(102.09215514727326)),(17833, np.float64(102.09215514727326)),(34425, np.float64(102.09215514727326)),(51564, np.float64(102.09215514727326)),(62141, np.float64(102.09215514727326)),(57928, np.float64(102.09215514727326)),(48641, np.float64(102.09215514727326)),(31965, np.float64(102.09215514727326)),(47684, np.float64(102.09215514727326))"
12616,12616,"(57441, np.float64(102.09215514727326)),(20518, np.float64(102.09215514727326)),(17833, np.float64(102.09215514727326)),(34425, np.float64(102.09215514727326)),(51564, np.float64(102.09215514727326)),(62141, np.float64(102.09215514727326)),(57928, np.float64(102.09215514727326)),(48641, np.float64(102.09215514727326)),(31965, np.float64(102.09215514727326)),(47684, np.float64(102.09215514727326))"
12757,12757,"(57441, np.float64(102.09215514727326)),(20518, np.float64(102.09215514727326)),(17833, np.float64(102.09215514727326)),(34425, np.float64(102.09215514727326)),(51564, np.float64(102.09215514727326)),(62141, np.float64(102.09215514727326)),(57928, np.float64(102.09215514727326)),(48641, np.float64(102.09215514727326)),(31965, np.float64(102.09215514727326)),(47684, np.float64(102.09215514727326))"
12882,12882,"20518,17833,34425,51564,62141,48641,47684,8412,44271,14278"
12941,12941,"(57441, np.float64(102.09215514727326)),(20518, np.float64(102.09215514727326)),(17833, np.float64(102.09215514727326)),(34425, np.float64(102.09215514727326)),(51564, np.float64(102.09215514727326)),(62141, np.float64(102.09215514727326)),(57928, np.float64(102.09215514727326)),(48641, np.float64(102.09215514727326)),(31965, np.float64(102.09215514727326)),(47684, np.float64(102.09215514727326))"
13158,13158,"(57441, np.float64(102.09215514727326)),(20518, np.float64(102.09215514727326)),(17833, np.float64(102.09215514727326)),(34425, np.float64(102.09215514727326)),(51564, np.float64(102.09215514727326)),(62141, np.float64(102.09215514727326)),(57928, np.float64(102.09215514727326)),(48641, np.float64(102.09215514727326)),(31965, np.float64(102.09215514727326)),(47684, np.float64(102.09215514727326))"
13169,13169,"(57441, np.float64(102.09215514727326)),(20518, np.float64(102.09215514727326)),(17833, np.float64(102.09215514727326)),(34425, np.float64(102.09215514727326)),(51564, np.float64(102.09215514727326)),(62141, np.float64(102.09215514727326)),(57928, np.float64(102.09215514727326)),(48641, np.float64(102.09215514727326)),(31965, np.float64(102.09215514727326)),(47684, np.float64(102.09215514727326))"
13248,13248,"(57441, np.float64(102.09215514727326)),(20518, np.float64(102.09215514727326)),(17833, np.float64(102.09215514727326)),(34425, np.float64(102.09215514727326)),(51564, np.float64(102.09215514727326)),(62141, np.float64(102.09215514727326)),(57928, np.float64(102.09215514727326)),(48641, np.float64(102.09215514727326)),(31965, np.float64(102.09215514727326)),(47684, np.float64(102.09215514727326))"
13406,13406,"(57441, np.float64(102.09215514727326)),(20518, np.float64(102.09215514727326)),(17833, np.float64(102.09215514727326)),(34425, np.float64(102.09215514727326)),(51564, np.float64(102.09215514727326)),(62141, np.float64(102.09215514727326)),(57928, np.float64(102.09215514727326)),(48641, np.float64(102.09215514727326)),(31965, np.float64(102.09215514727326)),(47684, np.float64(102.09215514727326))"
13765,13765,"(57441, np.float64(102.09215514727326)),(20518, np.float64(102.09215514727326)),(17833, np.float64(102.09215514727326)),(34425, np.float64(102.09215514727326)),(51564, np.float64(102.09215514727326)),(62141, np.float64(102.09215514727326)),(57928, np.float64(102.09215514727326)),(48641, np.float64(102.09215514727326)),(31965, np.float64(102.09215514727326)),(47684, np.float64(102.09215514727326))"
13816,13816,"(57441, np.float64(102.09215514727326)),(20518, np.float64(102.09215514727326)),(17833, np.float64(102.09215514727326)),(34425, np.float64(102.09215514727326)),(51564, np.float64(102.09215514727326)),(62141, np.float64(102.09215514727326)),(57928, np.float64(102.09215514727326)),(48641, np.float64(102.09215514727326)),(31965, np.float64(102.09215514727326)),(47684, np.float64(102.09215514727326))"
14599,14599,"(57441, np.float64(102.09215514727326)),(20518, np.float64(102.09215514727326)),(17833, np.float64(102.09215514727326)),(34425, np.float64(102.09215514727326)),(51564, np.float64(102.09215514727326)),(62141, np.float64(102.09215514727326)),(57928, np.float64(102.09215514727326)),(48641, np.float64(102.09215514727326)),(31965, np.float64(102.09215514727326)),(47684, np.float64(102.09215514727326))"
14793,14793,"(57441, np.float64(102.09215514727326)),(20518, np.float64(102.09215514727326)),(17833, np.float64(102.09215514727326)),(34425, np.float64(102.09215514727326)),(51564, np.float64(102.09215514727326)),(62141, np.float64(102.09215514727326)),(57928, np.float64(102.09215514727326)),(48641, np.float64(102.09215514727326)),(31965, np.float64(102.09215514727326)),(47684, np.float64(102.09215514727326))"
15193,15193,"(57441, np.float64(102.09215514727326)),(20518, np.float64(102.09215514727326)),(17833, np.float64(102.09215514727326)),(34425, np.float64(102.09215514727326)),(51564, np.float64(102.09215514727326)),(62141, np.float64(102.09215514727326)),(57928, np.float64(102.09215514727326)),(48641, np.float64(102.09215514727326)),(31965, np.float64(102.09215514727326)),(47684, np.float64(102.09215514727326))"
15259,15259,"(57441, np.float64(102.09215514727326)),(20518, np.float64(102.09215514727326)),(17833, np.float64(102.09215514727326)),(34425, np.float64(102.09215514727326)),(51564, np.float64(102.09215514727326)),(62141, np.float64(102.09215514727326)),(57928, np.float64(102.09215514727326)),(48641, np.float64(102.09215514727326)),(31965, np.float64(102.09215514727326)),(47684, np.float64(102.09215514727326))"
15595,15595,"(57441, np.float64(102.09215514727326)),(20518, np.float64(102.09215514727326)),(17833, np.float64(102.09215514727326)),(34425, np.float64(102.09215514727326)),(51564, np.float64(102.09215514727326)),(62141, np.float64(102.09215514727326)),(57928, np.float64(102.09215514727326)),(48641, np.float64(102.09215514727326)),(31965, np.float64(102.09215514727326)),(47684, np.float64(102.09215514727326))"
15866,15866,"(57441, np.float64(102.09215514727326)),(20518, np.float64(102.09215514727326)),(17833, np.float64(102.09215514727326)),(34425, np.float64(102.09215514727326)),(51564, np.float64(102.09215514727326)),(62141, np.float64(102.09215514727326)),(57928, np.float64(102.09215514727326)),(48641, np.float64(102.09215514727326)),(31965, np.float64(102.09215514727326)),(47684, np.float64(102.09215514727326))"
16484,16484,"(57441, np.float64(102.09215514727326)),(20518, np.float64(102.09215514727326)),(17833, np.float64(102.09215514727326)),(34425, np.float64(102.09215514727326)),(51564, np.float64(102.09215514727326)),(62141, np.float64(102.09215514727326)),(57928, np.float64(102.09215514727326)),(48641, np.float64(102.09215514727326)),(31965, np.float64(102.09215514727326)),(47684, np.float64(102.09215514727326))"
16707,16707,"20518,17833,34425,51564,62141,48641,47684,8412,44271,14278"
16918,16918,"(57441, np.float64(102.09215514727326)),(20518, np.float64(102.09215514727326)),(17833, np.float64(102.09215514727326)),(34425, np.float64(102.09215514727326)),(51564, np.float64(102.09215514727326)),(62141, np.float64(102.09215514727326)),(57928, np.float64(102.09215514727326)),(48641, np.float64(102.09215514727326)),(31965, np.float64(102.09215514727326)),(47684, np.float64(102.09215514727326))"
17682,17682,"(57441, np.float64(102.09215514727326)),(20518, np.float64(102.09215514727326)),(17833, np.float64(102.09215514727326)),(34425, np.float64(102.09215514727326)),(51564, np.float64(102.09215514727326)),(62141, np.float64(102.09215514727326)),(57928, np.float64(102.09215514727326)),(48641, np.float64(102.09215514727326)),(31965, np.float64(102.09215514727326)),(47684, np.float64(102.09215514727326))"
18615,18615,"(57441, np.float64(102.09215514727326)),(20518, np.float64(102.09215514727326)),(17833, np.float64(102.09215514727326)),(34425, np.float64(102.09215514727326)),(51564, np.float64(102.09215514727326)),(62141, np.float64(102.09215514727326)),(57928, np.float64(102.09215514727326)),(48641, np.float64(102.09215514727326)),(31965, np.float64(102.09215514727326)),(47684, np.float64(102.09215514727326))"
18644,18644,"(57441, np.float64(102.09215514727326)),(20518, np.float64(102.09215514727326)),(17833, np.float64(102.09215514727326)),(34425, np.float64(102.09215514727326)),(51564, np.float64(102.09215514727326)),(62141, np.float64(102.09215514727326)),(57928, np.float64(102.09215514727326)),(48641, np.float64(102.09215514727326)),(31965, np.float64(102.09215514727326)),(47684, np.float64(102.09215514727326))"
18718,18718,"(57441, np.float64(102.09215514727326)),(20518, np.float64(102.09215514727326)),(17833, np.float64(102.09215514727326)),(34425, np.float64(102.09215514727326)),(51564, np.float64(102.09215514727326)),(62141, np.float64(102.09215514727326)),(57928, np.float64(102.09215514727326)),(48641, np.float64(102.09215514727326)),(31965, np.float64(102.09215514727326)),(47684, np.float64(102.09215514727326))"
19391,19391,"(57441, np.float64(102.09215514727326)),(20518, np.float64(102.09215514727326)),(17833, np.float64(102.09215514727326)),(34425, np.float64(102.09215514727326)),(51564, np.float64(102.09215514727326)),(62141, np.float64(102.09215514727326)),(57928, np.float64(102.09215514727326)),(48641, np.float64(102.09215514727326)),(31965, np.float64(102.09215514727326)),(47684, np.float64(102.09215514727326))"
20183,20183,"62141,20518,17833,34425,51564,48641,47684,8412,44271,14278"
20244,20244,"(57441, np.float64(102.09215514727326)),(20518, np.float64(102.09215514727326)),(17833, np.float64(102.09215514727326)),(34425, np.float64(102.09215514727326)),(51564, np.float64(102.09215514727326)),(62141, np.float64(102.09215514727326)),(57928, np.float64(102.09215514727326)),(48641, np.float64(102.09215514727326)),(31965, np.float64(102.09215514727326)),(47684, np.float64(102.09215514727326))"
20267,20267,"(57441, np.float64(102.09215514727326)),(20518, np.float64(102.09215514727326)),(17833, np.float64(102.09215514727326)),(34425, np.float64(102.09215514727326)),(51564, np.float64(102.09215514727326)),(62141, np.float64(102.09215514727326)),(57928, np.float64(102.09215514727326)),(48641, np.float64(102.09215514727326)),(31965, np.float64(102.09215514727326)),(47684, np.float64(102.09215514727326))"
20747,20747,"(57441, np.float64(102.09215514727326)),(20518, np.float64(102.09215514727326)),(17833, np.float64(102.09215514727326)),(34425, np.float64(102.09215514727326)),(51564, np.float64(102.09215514727326)),(62141, np.float64(102.09215514727326)),(57928, np.float64(102.09215514727326)),(48641, np.float64(102.09215514727326)),(31965, np.float64(102.09215514727326)),(47684, np.float64(102.09215514727326))"
20879,20879,"(57441, np.float64(102.09215514727326)),(20518, np.float64(102.09215514727326)),(17833, np.float64(102.09215514727326)),(34425, np.float64(102.09215514727326)),(51564, np.float64(102.09215514727326)),(62141, np.float64(102.09215514727326)),(57928, np.float64(102.09215514727326)),(48641, np.float64(102.09215514727326)),(31965, np.float64(102.09215514727326)),(47684, np.float64(102.09215514727326))"
21424,21424,"(57441, np.float64(102.09215514727326)),(20518, np.float64(102.09215514727326)),(17833, np.float64(102.09215514727326)),(34425, np.float64(102.09215514727326)),(51564, np.float64(102.09215514727326)),(62141, np.float64(102.09215514727326)),(57928, np.float64(102.09215514727326)),(48641, np.float64(102.09215514727326)),(31965, np.float64(102.09215514727326)),(47684, np.float64(102.09215514727326))"
22241,22241,"(57441, np.float64(102.09215514727326)),(20518, np.float64(102.09215514727326)),(17833, np.float64(102.09215514727326)),(34425, np.float64(102.09215514727326)),(51564, np.float64(102.09215514727326)),(62141, np.float64(102.09215514727326)),(57928, np.float64(102.09215514727326)),(48641, np.float64(102.09215514727326)),(31965, np.float64(102.09215514727326)),(47684, np.float64(102.09215514727326))"
22450,22450,"(57441, np.float64(102.09215514727326)),(20518, np.float64(102.09215514727326)),(17833, np.float64(102.09215514727326)),(34425, np.float64(102.09215514727326)),(51564, np.float64(102.09215514727326)),(62141, np.float64(102.09215514727326)),(57928, np.float64(102.09215514727326)),(48641, np.float64(102.09215514727326)),(31965, np.float64(102.09215514727326)),(47684, np.float64(102.09215514727326))"
22960,22960,"(57441, np.float64(102.09215514727326)),(20518, np.float64(102.09215514727326)),(17833, np.float64(102.09215514727326)),(34425, np.float64(102.09215514727326)),(51564, np.float64(102.09215514727326)),(62141, np.float64(102.09215514727326)),(57928, np.float64(102.09215514727326)),(48641, np.float64(102.09215514727326)),(31965, np.float64(102.09215514727326)),(47684, np.float64(102.09215514727326))"
23855,23855,"(57441, np.float64(102.09215514727326)),(20518, np.float64(102.09215514727326)),(17833, np.float64(102.09215514727326)),(34425, np.float64(102.09215514727326)),(51564, np.float64(102.09215514727326)),(62141, np.float64(102.09215514727326)),(57928, np.float64(102.09215514727326)),(48641, np.float64(102.09215514727326)),(31965, np.float64(102.09215514727326)),(47684, np.float64(102.09215514727326))"
24060,24060,"(57441, np.float64(102.09215514727326)),(20518, np.float64(102.09215514727326)),(17833, np.float64(102.09215514727326)),(34425, np.float64(102.09215514727326)),(51564, np.float64(102.09215514727326)),(62141, np.float64(102.09215514727326)),(57928, np.float64(102.09215514727326)),(48641, np.float64(102.09215514727326)),(31965, np.float64(102.09215514727326)),(47684, np.float64(102.09215514727326))"
24166,24166,"(57441, np.float64(102.09215514727326)),(20518, np.float64(102.09215514727326)),(17833, np.float64(102.09215514727326)),(34425, np.float64(102.09215514727326)),(51564, np.float64(102.09215514727326)),(62141, np.float64(102.09215514727326)),(57928, np.float64(102.09215514727326)),(48641, np.float64(102.09215514727326)),(31965, np.float64(102.09215514727326)),(47684, np.float64(102.09215514727326))"
24203,24203,"(57441, np.float64(102.09215514727326)),(20518, np.float64(102.09215514727326)),(17833, np.float64(102.09215514727326)),(34425, np.float64(102.09215514727326)),(51564, np.float64(102.09215514727326)),(62141, np.float64(102.09215514727326)),(57928, np.float64(102.09215514727326)),(48641, np.float64(102.09215514727326)),(31965, np.float64(102.09215514727326)),(47684, np.float64(102.09215514727326))"
25297,25297,"(57441, np.float64(102.09215514727326)),(20518, np.float64(102.09215514727326)),(17833, np.float64(102.09215514727326)),(34425, np.float64(102.09215514727326)),(51564, np.float64(102.09215514727326)),(62141, np.float64(102.09215514727326)),(57928, np.float64(102.09215514727326)),(48641, np.float64(102.09215514727326)),(31965, np.float64(102.09215514727326)),(47684, np.float64(102.09215514727326))"
25430,25430,"(57441, np.float64(102.09215514727326)),(20518, np.float64(102.09215514727326)),(17833, np.float64(102.09215514727326)),(34425, np.float64(102.09215514727326)),(51564, np.float64(102.09215514727326)),(62141, np.float64(102.09215514727326)),(57928, np.float64(102.09215514727326)),(48641, np.float64(102.09215514727326)),(31965, np.float64(102.09215514727326)),(47684, np.float64(102.09215514727326))"
25473,25473,"(57441, np.float64(102.09215514727326)),(20518, np.float64(102.09215514727326)),(17833, np.float64(102.09215514727326)),(34425, np.float64(102.09215514727326)),(51564, np.float64(102.09215514727326)),(62141, np.float64(102.09215514727326)),(57928, np.float64(102.09215514727326)),(48641, np.float64(102.09215514727326)),(31965, np.float64(102.09215514727326)),(47684, np.float64(102.09215514727326))"
25481,25481,"(57441, np.float64(102.09215514727326)),(20518, np.float64(102.09215514727326)),(17833, np.float64(102.09215514727326)),(34425, np.float64(102.09215514727326)),(51564, np.float64(102.09215514727326)),(62141, np.float64(102.09215514727326)),(57928, np.float64(102.09215514727326)),(48641, np.float64(102.09215514727326)),(31965, np.float64(102.09215514727326)),(47684, np.float64(102.09215514727326))"
26076,26076,"(57441, np.float64(102.09215514727326)),(20518, np.float64(102.09215514727326)),(17833, np.float64(102.09215514727326)),(34425, np.float64(102.09215514727326)),(51564, np.float64(102.09215514727326)),(62141, np.float64(102.09215514727326)),(57928, np.float64(102.09215514727326)),(48641, np.float64(102.09215514727326)),(31965, np.float64(102.09215514727326)),(47684, np.float64(102.09215514727326))"
26618,26618,"(57441, np.float64(102.09215514727326)),(20518, np.float64(102.09215514727326)),(17833, np.float64(102.09215514727326)),(34425, np.float64(102.09215514727326)),(51564, np.float64(102.09215514727326)),(62141, np.float64(102.09215514727326)),(57928, np.float64(102.09215514727326)),(48641, np.float64(102.09215514727326)),(31965, np.float64(102.09215514727326)),(47684, np.float64(102.09215514727326))"
27497,27497,"(57441, np.float64(102.09215514727326)),(20518, np.float64(102.09215514727326)),(17833, np.float64(102.09215514727326)),(34425, np.float64(102.09215514727326)),(51564, np.float64(102.09215514727326)),(62141, np.float64(102.09215514727326)),(57928, np.float64(102.09215514727326)),(48641, np.float64(102.09215514727326)),(31965, np.float64(102.09215514727326)),(47684, np.float64(102.09215514727326))"
27523,27523,"(57441, np.float64(102.09215514727326)),(20518, np.float64(102.09215514727326)),(17833, np.float64(102.09215514727326)),(34425, np.float64(102.09215514727326)),(51564, np.float64(102.09215514727326)),(62141, np.float64(102.09215514727326)),(57928, np.float64(102.09215514727326)),(48641, np.float64(102.09215514727326)),(31965, np.float64(102.09215514727326)),(47684, np.float64(102.09215514727326))"
27792,27792,"20518,17833,34425,51564,62141,48641,47684,8412,44271,14278"
27818,27818,"(57441, np.float64(102.09215514727326)),(20518, np.float64(102.09215514727326)),(17833, np.float64(102.09215514727326)),(34425, np.float64(102.09215514727326)),(51564, np.float64(102.09215514727326)),(62141, np.float64(102.09215514727326)),(57928, np.float64(102.09215514727326)),(48641, np.float64(102.09215514727326)),(31965, np.float64(102.09215514727326)),(47684, np.float64(102.09215514727326))"
28339,28339,"(57441, np.float64(102.09215514727326)),(20518, np.float64(102.09215514727326)),(17833, np.float64(102.09215514727326)),(34425, np.float64(102.09215514727326)),(51564, np.float64(102.09215514727326)),(62141, np.float64(102.09215514727326)),(57928, np.float64(102.09215514727326)),(48641, np.float64(102.09215514727326)),(31965, np.float64(102.09215514727326)),(47684, np.float64(102.09215514727326))"
28361,28361,"(57441, np.float64(102.09215514727326)),(20518, np.float64(102.09215514727326)),(17833, np.float64(102.09215514727326)),(34425, np.float64(102.09215514727326)),(51564, np.float64(102.09215514727326)),(62141, np.float64(102.09215514727326)),(57928, np.float64(102.09215514727326)),(48641, np.float64(102.09215514727326)),(31965, np.float64(102.09215514727326)),(47684, np.float64(102.09215514727326))"
29324,29324,"(57441, np.float64(102.09215514727326)),(20518, np.float64(102.09215514727326)),(17833, np.float64(102.09215514727326)),(34425, np.float64(102.09215514727326)),(51564, np.float64(102.09215514727326)),(62141, np.float64(102.09215514727326)),(57928, np.float64(102.09215514727326)),(48641, np.float64(102.09215514727326)),(31965, np.float64(102.09215514727326)),(47684, np.float64(102.09215514727326))"
29488,29488,"(57441, np.float64(102.09215514727326)),(20518, np.float64(102.09215514727326)),(17833, np.float64(102.09215514727326)),(34425, np.float64(102.09215514727326)),(51564, np.float64(102.09215514727326)),(62141, np.float64(102.09215514727326)),(57928, np.float64(102.09215514727326)),(48641, np.float64(102.09215514727326)),(31965, np.float64(102.09215514727326)),(47684, np.float64(102.09215514727326))"
29703,29703,"(57441, np.float64(102.09215514727326)),(20518, np.float64(102.09215514727326)),(17833, np.float64(102.09215514727326)),(34425, np.float64(102.09215514727326)),(51564, np.float64(102.09215514727326)),(62141, np.float64(102.09215514727326)),(57928, np.float64(102.09215514727326)),(48641, np.float64(102.09215514727326)),(31965, np.float64(102.09215514727326)),(47684, np.float64(102.09215514727326))"
29836,29836,"(57441, np.float64(102.09215514727326)),(20518, np.float64(102.09215514727326)),(17833, np.float64(102.09215514727326)),(34425, np.float64(102.09215514727326)),(51564, np.float64(102.09215514727326)),(62141, np.float64(102.09215514727326)),(57928, np.float64(102.09215514727326)),(48641, np.float64(102.09215514727326)),(31965, np.float64(102.09215514727326)),(47684, np.float64(102.09215514727326))"
30171,30171,"(57441, np.float64(102.09215514727326)),(20518, np.float64(102.09215514727326)),(17833, np.float64(102.09215514727326)),(34425, np.float64(102.09215514727326)),(51564, np.float64(102.09215514727326)),(62141, np.float64(102.09215514727326)),(57928, np.float64(102.09215514727326)),(48641, np.float64(102.09215514727326)),(31965, np.float64(102.09215514727326)),(47684, np.float64(102.09215514727326))"
30192,30192,"(57441, np.float64(102.09215514727326)),(20518, np.float64(102.09215514727326)),(17833, np.float64(102.09215514727326)),(34425, np.float64(102.09215514727326)),(51564, np.float64(102.09215514727326)),(62141, np.float64(102.09215514727326)),(57928, np.float64(102.09215514727326)),(48641, np.float64(102.09215514727326)),(31965, np.float64(102.09215514727326)),(47684, np.float64(102.09215514727326))"
30194,30194,"(57441, np.float64(102.09215514727326)),(20518, np.float64(102.09215514727326)),(17833, np.float64(102.09215514727326)),(34425, np.float64(102.09215514727326)),(51564, np.float64(102.09215514727326)),(62141, np.float64(102.09215514727326)),(57928, np.float64(102.09215514727326)),(48641, np.float64(102.09215514727326)),(31965, np.float64(102.09215514727326)),(47684, np.float64(102.09215514727326))"
30227,30227,"(57441, np.float64(102.09215514727326)),(20518, np.float64(102.09215514727326)),(17833, np.float64(102.09215514727326)),(34425, np.float64(102.09215514727326)),(51564, np.float64(102.09215514727326)),(62141, np.float64(102.09215514727326)),(57928, np.float64(102.09215514727326)),(48641, np.float64(102.09215514727326)),(31965, np.float64(102.09215514727326)),(47684, np.float64(102.09215514727326))"
30649,30649,"(57441, np.float64(102.09215514727326)),(20518, np.float64(102.09215514727326)),(17833, np.float64(102.09215514727326)),(34425, np.float64(102.09215514727326)),(51564, np.float64(102.09215514727326)),(62141, np.float64(102.09215514727326)),(57928, np.float64(102.09215514727326)),(48641, np.float64(102.09215514727326)),(31965, np.float64(102.09215514727326)),(47684, np.float64(102.09215514727326))"
30946,30946,"(57441, np.float64(102.09215514727326)),(20518, np.float64(102.09215514727326)),(17833, np.float64(102.09215514727326)),(34425, np.float64(102.09215514727326)),(51564, np.float64(102.09215514727326)),(62141, np.float64(102.09215514727326)),(57928, np.float64(102.09215514727326)),(48641, np.float64(102.09215514727326)),(31965, np.float64(102.09215514727326)),(47684, np.float64(102.09215514727326))"
31904,31904,"(57441, np.float64(102.09215514727326)),(20518, np.float64(102.09215514727326)),(17833, np.float64(102.09215514727326)),(34425, np.float64(102.09215514727326)),(51564, np.float64(102.09215514727326)),(62141, np.float64(102.09215514727326)),(57928, np.float64(102.09215514727326)),(48641, np.float64(102.09215514727326)),(31965, np.float64(102.09215514727326)),(47684, np.float64(102.09215514727326))"
32207,32207,"(57441, np.float64(102.09215514727326)),(20518, np.float64(102.09215514727326)),(17833, np.float64(102.09215514727326)),(34425, np.float64(102.09215514727326)),(51564, np.float64(102.09215514727326)),(62141, np.float64(102.09215514727326)),(57928, np.float64(102.09215514727326)),(48641, np.float64(102.09215514727326)),(31965, np.float64(102.09215514727326)),(47684, np.float64(102.09215514727326))"
32298,32298,"(57441, np.float64(102.09215514727326)),(20518, np.float64(102.09215514727326)),(17833, np.float64(102.09215514727326)),(34425, np.float64(102.09215514727326)),(51564, np.float64(102.09215514727326)),(62141, np.float64(102.09215514727326)),(57928, np.float64(102.09215514727326)),(48641, np.float64(102.09215514727326)),(31965, np.float64(102.09215514727326)),(47684, np.float64(102.09215514727326))"
32814,32814,"(57441, np.float64(102.09215514727326)),(20518, np.float64(102.09215514727326)),(17833, np.float64(102.09215514727326)),(34425, np.float64(102.09215514727326)),(51564, np.float64(102.09215514727326)),(62141, np.float64(102.09215514727326)),(57928, np.float64(102.09215514727326)),(48641, np.float64(102.09215514727326)),(31965, np.float64(102.09215514727326)),(47684, np.float64(102.09215514727326))"
32876,32876,"(57441, np.float64(102.09215514727326)),(20518, np.float64(102.09215514727326)),(17833, np.float64(102.09215514727326)),(34425, np.float64(102.09215514727326)),(51564, np.float64(102.09215514727326)),(62141, np.float64(102.09215514727326)),(57928, np.float64(102.09215514727326)),(48641, np.float64(102.09215514727326)),(31965, np.float64(102.09215514727326)),(47684, np.float64(102.09215514727326))"
33092,33092,"(57441, np.float64(102.09215514727326)),(20518, np.float64(102.09215514727326)),(17833, np.float64(102.09215514727326)),(34425, np.float64(102.09215514727326)),(51564, np.float64(102.09215514727326)),(62141, np.float64(102.09215514727326)),(57928, np.float64(102.09215514727326)),(48641, np.float64(102.09215514727326)),(31965, np.float64(102.09215514727326)),(47684, np.float64(102.09215514727326))"
33481,33481,"(57441, np.float64(102.09215514727326)),(20518, np.float64(102.09215514727326)),(17833, np.float64(102.09215514727326)),(34425, np.float64(102.09215514727326)),(51564, np.float64(102.09215514727326)),(62141, np.float64(102.09215514727326)),(57928, np.float64(102.09215514727326)),(48641, np.float64(102.09215514727326)),(31965, np.float64(102.09215514727326)),(47684, np.float64(102.09215514727326))"
33585,33585,"(57441, np.float64(102.09215514727326)),(20518, np.float64(102.09215514727326)),(17833, np.float64(102.09215514727326)),(34425, np.float64(102.09215514727326)),(51564, np.float64(102.09215514727326)),(62141, np.float64(102.09215514727326)),(57928, np.float64(102.09215514727326)),(48641, np.float64(102.09215514727326)),(31965, np.float64(102.09215514727326)),(47684, np.float64(102.09215514727326))"
33684,33684,"(57441, np.float64(102.09215514727326)),(20518, np.float64(102.09215514727326)),(17833, np.float64(102.09215514727326)),(34425, np.float64(102.09215514727326)),(51564, np.float64(102.09215514727326)),(62141, np.float64(102.09215514727326)),(57928, np.float64(102.09215514727326)),(48641, np.float64(102.09215514727326)),(31965, np.float64(102.09215514727326)),(47684, np.float64(102.09215514727326))"
33871,33871,"(57441, np.float64(102.09215514727326)),(20518, np.float64(102.09215514727326)),(17833, np.float64(102.09215514727326)),(34425, np.float64(102.09215514727326)),(51564, np.float64(102.09215514727326)),(62141, np.float64(102.09215514727326)),(57928, np.float64(102.09215514727326)),(48641, np.float64(102.09215514727326)),(31965, np.float64(102.09215514727326)),(47684, np.float64(102.09215514727326))"
34684,34684,"(57441, np.float64(102.09215514727326)),(20518, np.float64(102.09215514727326)),(17833, np.float64(102.09215514727326)),(34425, np.float64(102.09215514727326)),(51564, np.float64(102.09215514727326)),(62141, np.float64(102.09215514727326)),(57928, np.float64(102.09215514727326)),(48641, np.float64(102.09215514727326)),(31965, np.float64(102.09215514727326)),(47684, np.float64(102.09215514727326))"
34691,34691,"(57441, np.float64(102.09215514727326)),(20518, np.float64(102.09215514727326)),(17833, np.float64(102.09215514727326)),(34425, np.float64(102.09215514727326)),(51564, np.float64(102.09215514727326)),(62141, np.float64(102.09215514727326)),(57928, np.float64(102.09215514727326)),(48641, np.float64(102.09215514727326)),(31965, np.float64(102.09215514727326)),(47684, np.float64(102.09215514727326))"
35126,35126,"(57441, np.float64(102.09215514727326)),(20518, np.float64(102.09215514727326)),(17833, np.float64(102.09215514727326)),(34425, np.float64(102.09215514727326)),(51564, np.float64(102.09215514727326)),(62141, np.float64(102.09215514727326)),(57928, np.float64(102.09215514727326)),(48641, np.float64(102.09215514727326)),(31965, np.float64(102.09215514727326)),(47684, np.float64(102.09215514727326))"
35197,35197,"(57441, np.float64(102.09215514727326)),(20518, np.float64(102.09215514727326)),(17833, np.float64(102.09215514727326)),(34425, np.float64(102.09215514727326)),(51564, np.float64(102.09215514727326)),(62141, np.float64(102.09215514727326)),(57928, np.float64(102.09215514727326)),(48641, np.float64(102.09215514727326)),(31965, np.float64(102.09215514727326)),(47684, np.float64(102.09215514727326))"
35578,35578,"(57441, np.float64(102.09215514727326)),(20518, np.float64(102.09215514727326)),(17833, np.float64(102.09215514727326)),(34425, np.float64(102.09215514727326)),(51564, np.float64(102.09215514727326)),(62141, np.float64(102.09215514727326)),(57928, np.float64(102.09215514727326)),(48641, np.float64(102.09215514727326)),(31965, np.float64(102.09215514727326)),(47684, np.float64(102.09215514727326))"
36314,36314,"(57441, np.float64(102.09215514727326)),(20518, np.float64(102.09215514727326)),(17833, np.float64(102.09215514727326)),(34425, np.float64(102.09215514727326)),(51564, np.float64(102.09215514727326)),(62141, np.float64(102.09215514727326)),(57928, np.float64(102.09215514727326)),(48641, np.float64(102.09215514727326)),(31965, np.float64(102.09215514727326)),(47684, np.float64(102.09215514727326))"
36783,36783,"(57441, np.float64(102.09215514727326)),(20518, np.float64(102.09215514727326)),(17833, np.float64(102.09215514727326)),(34425, np.float64(102.09215514727326)),(51564, np.float64(102.09215514727326)),(62141, np.float64(102.09215514727326)),(57928, np.float64(102.09215514727326)),(48641, np.float64(102.09215514727326)),(31965, np.float64(102.09215514727326)),(47684, np.float64(102.09215514727326))"
36794,36794,"(57441, np.float64(102.09215514727326)),(20518, np.float64(102.09215514727326)),(17833, np.float64(102.09215514727326)),(34425, np.float64(102.09215514727326)),(51564, np.float64(102.09215514727326)),(62141, np.float64(102.09215514727326)),(57928, np.float64(102.09215514727326)),(48641, np.float64(102.09215514727326)),(31965, np.float64(102.09215514727326)),(47684, np.float64(102.09215514727326))"
37959,37959,"(57441, np.float64(102.09215514727326)),(20518, np.float64(102.09215514727326)),(17833, np.float64(102.09215514727326)),(34425, np.float64(102.09215514727326)),(51564, np.float64(102.09215514727326)),(62141, np.float64(102.09215514727326)),(57928, np.float64(102.09215514727326)),(48641, np.float64(102.09215514727326)),(31965, np.float64(102.09215514727326)),(47684, np.float64(102.09215514727326))"
38579,38579,"(57441, np.float64(102.09215514727326)),(20518, np.float64(102.09215514727326)),(17833, np.float64(102.09215514727326)),(34425, np.float64(102.09215514727326)),(51564, np.float64(102.09215514727326)),(62141, np.float64(102.09215514727326)),(57928, np.float64(102.09215514727326)),(48641, np.float64(102.09215514727326)),(31965, np.float64(102.09215514727326)),(47684, np.float64(102.09215514727326))"
38796,38796,"(57441, np.float64(102.09215514727326)),(20518, np.float64(102.09215514727326)),(17833, np.float64(102.09215514727326)),(34425, np.float64(102.09215514727326)),(51564, np.float64(102.09215514727326)),(62141, np.float64(102.09215514727326)),(57928, np.float64(102.09215514727326)),(48641, np.float64(102.09215514727326)),(31965, np.float64(102.09215514727326)),(47684, np.float64(102.09215514727326))"
38887,38887,"(57441, np.float64(102.09215514727326)),(20518, np.float64(102.09215514727326)),(17833, np.float64(102.09215514727326)),(34425, np.float64(102.09215514727326)),(51564, np.float64(102.09215514727326)),(62141, np.float64(102.09215514727326)),(57928, np.float64(102.09215514727326)),(48641, np.float64(102.09215514727326)),(31965, np.float64(102.09215514727326)),(47684, np.float64(102.09215514727326))"
38973,38973,"(57441, np.float64(102.09215514727326)),(20518, np.float64(102.09215514727326)),(17833, np.float64(102.09215514727326)),(34425, np.float64(102.09215514727326)),(51564, np.float64(102.09215514727326)),(62141, np.float64(102.09215514727326)),(57928, np.float64(102.09215514727326)),(48641, np.float64(102.09215514727326)),(31965, np.float64(102.09215514727326)),(47684, np.float64(102.09215514727326))"
39020,39020,"(57441, np.float64(102.09215514727326)),(20518, np.float64(102.09215514727326)),(17833, np.float64(102.09215514727326)),(34425, np.float64(102.09215514727326)),(51564, np.float64(102.09215514727326)),(62141, np.float64(102.09215514727326)),(57928, np.float64(102.09215514727326)),(48641, np.float64(102.09215514727326)),(31965, np.float64(102.09215514727326)),(47684, np.float64(102.09215514727326))"
39239,39239,"(57441, np.float64(102.09215514727326)),(20518, np.float64(102.09215514727326)),(17833, np.float64(102.09215514727326)),(34425, np.float64(102.09215514727326)),(51564, np.float64(102.09215514727326)),(62141, np.float64(102.09215514727326)),(57928, np.float64(102.09215514727326)),(48641, np.float64(102.09215514727326)),(31965, np.float64(102.09215514727326)),(47684, np.float64(102.09215514727326))"
40282,40282,"(57441, np.float64(102.09215514727326)),(20518, np.float64(102.09215514727326)),(17833, np.float64(102.09215514727326)),(34425, np.float64(102.09215514727326)),(51564, np.float64(102.09215514727326)),(62141, np.float64(102.09215514727326)),(57928, np.float64(102.09215514727326)),(48641, np.float64(102.09215514727326)),(31965, np.float64(102.09215514727326)),(47684, np.float64(102.09215514727326))"
40845,40845,"(57441, np.float64(102.09215514727326)),(20518, np.float64(102.09215514727326)),(17833, np.float64(102.09215514727326)),(34425, np.float64(102.09215514727326)),(51564, np.float64(102.09215514727326)),(62141, np.float64(102.09215514727326)),(57928, np.float64(102.09215514727326)),(48641, np.float64(102.09215514727326)),(31965, np.float64(102.09215514727326)),(47684, np.float64(102.09215514727326))"
41667,41667,"(57441, np.float64(102.09215514727326)),(20518, np.float64(102.09215514727326)),(17833, np.float64(102.09215514727326)),(34425, np.float64(102.09215514727326)),(51564, np.float64(102.09215514727326)),(62141, np.float64(102.09215514727326)),(57928, np.float64(102.09215514727326)),(48641, np.float64(102.09215514727326)),(31965, np.float64(102.09215514727326)),(47684, np.float64(102.09215514727326))"
42019,42019,"20518,17833,34425,51564,62141,48641,47684,8412,44271,14278"
42214,42214,"(57441, np.float64(102.09215514727326)),(20518, np.float64(102.09215514727326)),(17833, np.float64(102.09215514727326)),(34425, np.float64(102.09215514727326)),(51564, np.float64(102.09215514727326)),(62141, np.float64(102.09215514727326)),(57928, np.float64(102.09215514727326)),(48641, np.float64(102.09215514727326)),(31965, np.float64(102.09215514727326)),(47684, np.float64(102.09215514727326))"
43483,43483,"(57441, np.float64(102.09215514727326)),(20518, np.float64(102.09215514727326)),(17833, np.float64(102.09215514727326)),(34425, np.float64(102.09215514727326)),(51564, np.float64(102.09215514727326)),(62141, np.float64(102.09215514727326)),(57928, np.float64(102.09215514727326)),(48641, np.float64(102.09215514727326)),(31965, np.float64(102.09215514727326)),(47684, np.float64(102.09215514727326))"
43789,43789,"(57441, np.float64(102.09215514727326)),(20518, np.float64(102.09215514727326)),(17833, np.float64(102.09215514727326)),(34425, np.float64(102.09215514727326)),(51564, np.float64(102.09215514727326)),(62141, np.float64(102.09215514727326)),(57928, np.float64(102.09215514727326)),(48641, np.float64(102.09215514727326)),(31965, np.float64(102.09215514727326)),(47684, np.float64(102.09215514727326))"
43867,43867,"(57441, np.float64(102.09215514727326)),(20518, np.float64(102.09215514727326)),(17833, np.float64(102.09215514727326)),(34425, np.float64(102.09215514727326)),(51564, np.float64(102.09215514727326)),(62141, np.float64(102.09215514727326)),(57928, np.float64(102.09215514727326)),(48641, np.float64(102.09215514727326)),(31965, np.float64(102.09215514727326)),(47684, np.float64(102.09215514727326))"
43937,43937,"(57441, np.float64(102.09215514727326)),(20518, np.float64(102.09215514727326)),(17833, np.float64(102.09215514727326)),(34425, np.float64(102.09215514727326)),(51564, np.float64(102.09215514727326)),(62141, np.float64(102.09215514727326)),(57928, np.float64(102.09215514727326)),(48641, np.float64(102.09215514727326)),(31965, np.float64(102.09215514727326)),(47684, np.float64(102.09215514727326))"
44053,44053,"(57441, np.float64(102.09215514727326)),(20518, np.float64(102.09215514727326)),(17833, np.float64(102.09215514727326)),(34425, np.float64(102.09215514727326)),(51564, np.float64(102.09215514727326)),(62141, np.float64(102.09215514727326)),(57928, np.float64(102.09215514727326)),(48641, np.float64(102.09215514727326)),(31965, np.float64(102.09215514727326)),(47684, np.float64(102.09215514727326))"
44440,44440,"(57441, np.float64(102.09215514727326)),(20518, np.float64(102.09215514727326)),(17833, np.float64(102.09215514727326)),(34425, np.float64(102.09215514727326)),(51564, np.float64(102.09215514727326)),(62141, np.float64(102.09215514727326)),(57928, np.float64(102.09215514727326)),(48641, np.float64(102.09215514727326)),(31965, np.float64(102.09215514727326)),(47684, np.float64(102.09215514727326))"
44441,44441,"(57441, np.float64(102.09215514727326)),(20518, np.float64(102.09215514727326)),(17833, np.float64(102.09215514727326)),(34425, np.float64(102.09215514727326)),(51564, np.float64(102.09215514727326)),(62141, np.float64(102.09215514727326)),(57928, np.float64(102.09215514727326)),(48641, np.float64(102.09215514727326)),(31965, np.float64(102.09215514727326)),(47684, np.float64(102.09215514727326))"
45424,45424,"(57441, np.float64(102.09215514727326)),(20518, np.float64(102.09215514727326)),(17833, np.float64(102.09215514727326)),(34425, np.float64(102.09215514727326)),(51564, np.float64(102.09215514727326)),(62141, np.float64(102.09215514727326)),(57928, np.float64(102.09215514727326)),(48641, np.float64(102.09215514727326)),(31965, np.float64(102.09215514727326)),(47684, np.float64(102.09215514727326))"
45576,45576,"(57441, np.float64(102.09215514727326)),(20518, np.float64(102.09215514727326)),(17833, np.float64(102.09215514727326)),(34425, np.float64(102.09215514727326)),(51564, np.float64(102.09215514727326)),(62141, np.float64(102.09215514727326)),(57928, np.float64(102.09215514727326)),(48641, np.float64(102.09215514727326)),(31965, np.float64(102.09215514727326)),(47684, np.float64(102.09215514727326))"
45834,45834,"(57441, np.float64(102.09215514727326)),(20518, np.float64(102.09215514727326)),(17833, np.float64(102.09215514727326)),(34425, np.float64(102.09215514727326)),(51564, np.float64(102.09215514727326)),(62141, np.float64(102.09215514727326)),(57928, np.float64(102.09215514727326)),(48641, np.float64(102.09215514727326)),(31965, np.float64(102.09215514727326)),(47684, np.float64(102.09215514727326))"
46585,46585,"(57441, np.float64(102.09215514727326)),(20518, np.float64(102.09215514727326)),(17833, np.float64(102.09215514727326)),(34425, np.float64(102.09215514727326)),(51564, np.float64(102.09215514727326)),(62141, np.float64(102.09215514727326)),(57928, np.float64(102.09215514727326)),(48641, np.float64(102.09215514727326)),(31965, np.float64(102.09215514727326)),(47684, np.float64(102.09215514727326))"
46609,46609,"(57441, np.float64(102.09215514727326)),(20518, np.float64(102.09215514727326)),(17833, np.float64(102.09215514727326)),(34425, np.float64(102.09215514727326)),(51564, np.float64(102.09215514727326)),(62141, np.float64(102.09215514727326)),(57928, np.float64(102.09215514727326)),(48641, np.float64(102.09215514727326)),(31965, np.float64(102.09215514727326)),(47684, np.float64(102.09215514727326))"
46965,46965,"(57441, np.float64(102.09215514727326)),(20518, np.float64(102.09215514727326)),(17833, np.float64(102.09215514727326)),(34425, np.float64(102.09215514727326)),(51564, np.float64(102.09215514727326)),(62141, np.float64(102.09215514727326)),(57928, np.float64(102.09215514727326)),(48641, np.float64(102.09215514727326)),(31965, np.float64(102.09215514727326)),(47684, np.float64(102.09215514727326))"
47013,47013,"(57441, np.float64(102.09215514727326)),(20518, np.float64(102.09215514727326)),(17833, np.float64(102.09215514727326)),(34425, np.float64(102.09215514727326)),(51564, np.float64(102.09215514727326)),(62141, np.float64(102.09215514727326)),(57928, np.float64(102.09215514727326)),(48641, np.float64(102.09215514727326)),(31965, np.float64(102.09215514727326)),(47684, np.float64(102.09215514727326))"
47189,47189,"(57441, np.float64(102.09215514727326)),(20518, np.float64(102.09215514727326)),(17833, np.float64(102.09215514727326)),(34425, np.float64(102.09215514727326)),(51564, np.float64(102.09215514727326)),(62141, np.float64(102.09215514727326)),(57928, np.float64(102.09215514727326)),(48641, np.float64(102.09215514727326)),(31965, np.float64(102.09215514727326)),(47684, np.float64(102.09215514727326))"
47361,47361,"(57441, np.float64(102.09215514727326)),(20518, np.float64(102.09215514727326)),(17833, np.float64(102.09215514727326)),(34425, np.float64(102.09215514727326)),(51564, np.float64(102.09215514727326)),(62141, np.float64(102.09215514727326)),(57928, np.float64(102.09215514727326)),(48641, np.float64(102.09215514727326)),(31965, np.float64(102.09215514727326)),(47684, np.float64(102.09215514727326))"
47441,47441,"20518,17833,34425,51564,62141,48641,47684,8412,44271,14278"
48360,48360,"(57441, np.float64(102.09215514727326)),(20518, np.float64(102.09215514727326)),(17833, np.float64(102.09215514727326)),(34425, np.float64(102.09215514727326)),(51564, np.float64(102.09215514727326)),(62141, np.float64(102.09215514727326)),(57928, np.float64(102.09215514727326)),(48641, np.float64(102.09215514727326)),(31965, np.float64(102.09215514727326)),(47684, np.float64(102.09215514727326))"
48519,48519,"(57441, np.float64(102.09215514727326)),(20518, np.float64(102.09215514727326)),(17833, np.float64(102.09215514727326)),(34425, np.float64(102.09215514727326)),(51564, np.float64(102.09215514727326)),(62141, np.float64(102.09215514727326)),(57928, np.float64(102.09215514727326)),(48641, np.float64(102.09215514727326)),(31965, np.float64(102.09215514727326)),(47684, np.float64(102.09215514727326))"
48705,48705,"(57441, np.float64(102.09215514727326)),(20518, np.float64(102.09215514727326)),(17833, np.float64(102.09215514727326)),(34425, np.float64(102.09215514727326)),(51564, np.float64(102.09215514727326)),(62141, np.float64(102.09215514727326)),(57928, np.float64(102.09215514727326)),(48641, np.float64(102.09215514727326)),(31965, np.float64(102.09215514727326)),(47684, np.float64(102.09215514727326))"
48870,48870,"(57441, np.float64(102.09215514727326)),(20518, np.float64(102.09215514727326)),(17833, np.float64(102.09215514727326)),(34425, np.float64(102.09215514727326)),(51564, np.float64(102.09215514727326)),(62141, np.float64(102.09215514727326)),(57928, np.float64(102.09215514727326)),(48641, np.float64(102.09215514727326)),(31965, np.float64(102.09215514727326)),(47684, np.float64(102.09215514727326))"
49357,49357,"(57441, np.float64(102.09215514727326)),(20518, np.float64(102.09215514727326)),(17833, np.float64(102.09215514727326)),(34425, np.float64(102.09215514727326)),(51564, np.float64(102.09215514727326)),(62141, np.float64(102.09215514727326)),(57928, np.float64(102.09215514727326)),(48641, np.float64(102.09215514727326)),(31965, np.float64(102.09215514727326)),(47684, np.float64(102.09215514727326))"
50032,50032,"(57441, np.float64(102.09215514727326)),(20518, np.float64(102.09215514727326)),(17833, np.float64(102.09215514727326)),(34425, np.float64(102.09215514727326)),(51564, np.float64(102.09215514727326)),(62141, np.float64(102.09215514727326)),(57928, np.float64(102.09215514727326)),(48641, np.float64(102.09215514727326)),(31965, np.float64(102.09215514727326)),(47684, np.float64(102.09215514727326))"
50523,50523,"(57441, np.float64(102.09215514727326)),(20518, np.float64(102.09215514727326)),(17833, np.float64(102.09215514727326)),(34425, np.float64(102.09215514727326)),(51564, np.float64(102.09215514727326)),(62141, np.float64(102.09215514727326)),(57928, np.float64(102.09215514727326)),(48641, np.float64(102.09215514727326)),(31965, np.float64(102.09215514727326)),(47684, np.float64(102.09215514727326))"
50812,50812,"(57441, np.float64(102.09215514727326)),(20518, np.float64(102.09215514727326)),(17833, np.float64(102.09215514727326)),(34425, np.float64(102.09215514727326)),(51564, np.float64(102.09215514727326)),(62141, np.float64(102.09215514727326)),(57928, np.float64(102.09215514727326)),(48641, np.float64(102.09215514727326)),(31965, np.float64(102.09215514727326)),(47684, np.float64(102.09215514727326))"
51095,51095,"(57441, np.float64(102.09215514727326)),(20518, np.float64(102.09215514727326)),(17833, np.float64(102.09215514727326)),(34425, np.float64(102.09215514727326)),(51564, np.float64(102.09215514727326)),(62141, np.float64(102.09215514727326)),(57928, np.float64(102.09215514727326)),(48641, np.float64(102.09215514727326)),(31965, np.float64(102.09215514727326)),(47684, np.float64(102.09215514727326))"
51121,51121,"(57441, np.float64(102.09215514727326)),(20518, np.float64(102.09215514727326)),(17833, np.float64(102.09215514727326)),(34425, np.float64(102.09215514727326)),(51564, np.float64(102.09215514727326)),(62141, np.float64(102.09215514727326)),(57928, np.float64(102.09215514727326)),(48641, np.float64(102.09215514727326)),(31965, np.float64(102.09215514727326)),(47684, np.float64(102.09215514727326))"
51216,51216,"(57441, np.float64(102.09215514727326)),(20518, np.float64(102.09215514727326)),(17833, np.float64(102.09215514727326)),(34425, np.float64(102.09215514727326)),(51564, np.float64(102.09215514727326)),(62141, np.float64(102.09215514727326)),(57928, np.float64(102.09215514727326)),(48641, np.float64(102.09215514727326)),(31965, np.float64(102.09215514727326)),(47684, np.float64(102.09215514727326))"
52111,52111,"20518,17833,34425,51564,62141,48641,47684,8412,44271,14278"
52790,52790,"(57441, np.float64(102.09215514727326)),(20518, np.float64(102.09215514727326)),(17833, np.float64(102.09215514727326)),(34425, np.float64(102.09215514727326)),(51564, np.float64(102.09215514727326)),(62141, np.float64(102.09215514727326)),(57928, np.float64(102.09215514727326)),(48641, np.float64(102.09215514727326)),(31965, np.float64(102.09215514727326)),(47684, np.float64(102.09215514727326))"
53114,53114,"(57441, np.float64(102.09215514727326)),(20518, np.float64(102.09215514727326)),(17833, np.float64(102.09215514727326)),(34425, np.float64(102.09215514727326)),(51564, np.float64(102.09215514727326)),(62141, np.float64(102.09215514727326)),(57928, np.float64(102.09215514727326)),(48641, np.float64(102.09215514727326)),(31965, np.float64(102.09215514727326)),(47684, np.float64(102.09215514727326))"
53617,53617,"(57441, np.float64(102.09215514727326)),(20518, np.float64(102.09215514727326)),(17833, np.float64(102.09215514727326)),(34425, np.float64(102.09215514727326)),(51564, np.float64(102.09215514727326)),(62141, np.float64(102.09215514727326)),(57928, np.float64(102.09215514727326)),(48641, np.float64(102.09215514727326)),(31965, np.float64(102.09215514727326)),(47684, np.float64(102.09215514727326))"
53903,53903,"(57441, np.float64(102.09215514727326)),(20518, np.float64(102.09215514727326)),(17833, np.float64(102.09215514727326)),(34425, np.float64(102.09215514727326)),(51564, np.float64(102.09215514727326)),(62141, np.float64(102.09215514727326)),(57928, np.float64(102.09215514727326)),(48641, np.float64(102.09215514727326)),(31965, np.float64(102.09215514727326)),(47684, np.float64(102.09215514727326))"
53937,53937,"(57441, np.float64(102.09215514727326)),(20518, np.float64(102.09215514727326)),(17833, np.float64(102.09215514727326)),(34425, np.float64(102.09215514727326)),(51564, np.float64(102.09215514727326)),(62141, np.float64(102.09215514727326)),(57928, np.float64(102.09215514727326)),(48641, np.float64(102.09215514727326)),(31965, np.float64(102.09215514727326)),(47684, np.float64(102.09215514727326))"
54306,54306,"(57441, np.float64(102.09215514727326)),(20518, np.float64(102.09215514727326)),(17833, np.float64(102.09215514727326)),(34425, np.float64(102.09215514727326)),(51564, np.float64(102.09215514727326)),(62141, np.float64(102.09215514727326)),(57928, np.float64(102.09215514727326)),(48641, np.float64(102.09215514727326)),(31965, np.float64(102.09215514727326)),(47684, np.float64(102.09215514727326))"
55378,55378,"(57441, np.float64(102.09215514727326)),(20518, np.float64(102.09215514727326)),(17833, np.float64(102.09215514727326)),(34425, np.float64(102.09215514727326)),(51564, np.float64(102.09215514727326)),(62141, np.float64(102.09215514727326)),(57928, np.float64(102.09215514727326)),(48641, np.float64(102.09215514727326)),(31965, np.float64(102.09215514727326)),(47684, np.float64(102.09215514727326))"
55871,55871,"(57441, np.float64(102.09215514727326)),(20518, np.float64(102.09215514727326)),(17833, np.float64(102.09215514727326)),(34425, np.float64(102.09215514727326)),(51564, np.float64(102.09215514727326)),(62141, np.float64(102.09215514727326)),(57928, np.float64(102.09215514727326)),(48641, np.float64(102.09215514727326)),(31965, np.float64(102.09215514727326)),(47684, np.float64(102.09215514727326))"
55890,55890,"(57441, np.float64(102.09215514727326)),(20518, np.float64(102.09215514727326)),(17833, np.float64(102.09215514727326)),(34425, np.float64(102.09215514727326)),(51564, np.float64(102.09215514727326)),(62141, np.float64(102.09215514727326)),(57928, np.float64(102.09215514727326)),(48641, np.float64(102.09215514727326)),(31965, np.float64(102.09215514727326)),(47684, np.float64(102.09215514727326))"
56080,56080,"(57441, np.float64(102.09215514727326)),(20518, np.float64(102.09215514727326)),(17833, np.float64(102.09215514727326)),(34425, np.float64(102.09215514727326)),(51564, np.float64(102.09215514727326)),(62141, np.float64(102.09215514727326)),(57928, np.float64(102.09215514727326)),(48641, np.float64(102.09215514727326)),(31965, np.float64(102.09215514727326)),(47684, np.float64(102.09215514727326))"
56175,56175,"(57441, np.float64(102.09215514727326)),(20518, np.float64(102.09215514727326)),(17833, np.float64(102.09215514727326)),(34425, np.float64(102.09215514727326)),(51564, np.float64(102.09215514727326)),(62141, np.float64(102.09215514727326)),(57928, np.float64(102.09215514727326)),(48641, np.float64(102.09215514727326)),(31965, np.float64(102.09215514727326)),(47684, np.float64(102.09215514727326))"
56194,56194,"(57441, np.float64(102.09215514727326)),(20518, np.float64(102.09215514727326)),(17833, np.float64(102.09215514727326)),(34425, np.float64(102.09215514727326)),(51564, np.float64(102.09215514727326)),(62141, np.float64(102.09215514727326)),(57928, np.float64(102.09215514727326)),(48641, np.float64(102.09215514727326)),(31965, np.float64(102.09215514727326)),(47684, np.float64(102.09215514727326))"
56930,56930,"(57441, np.float64(102.09215514727326)),(20518, np.float64(102.09215514727326)),(17833, np.float64(102.09215514727326)),(34425, np.float64(102.09215514727326)),(51564, np.float64(102.09215514727326)),(62141, np.float64(102.09215514727326)),(57928, np.float64(102.09215514727326)),(48641, np.float64(102.09215514727326)),(31965, np.float64(102.09215514727326)),(47684, np.float64(102.09215514727326))"
57702,57702,"(57441, np.float64(102.09215514727326)),(20518, np.float64(102.09215514727326)),(17833, np.float64(102.09215514727326)),(34425, np.float64(102.09215514727326)),(51564, np.float64(102.09215514727326)),(62141, np.float64(102.09215514727326)),(57928, np.float64(102.09215514727326)),(48641, np.float64(102.09215514727326)),(31965, np.float64(102.09215514727326)),(47684, np.float64(102.09215514727326))"
57774,57774,"(57441, np.float64(102.09215514727326)),(20518, np.float64(102.09215514727326)),(17833, np.float64(102.09215514727326)),(34425, np.float64(102.09215514727326)),(51564, np.float64(102.09215514727326)),(62141, np.float64(102.09215514727326)),(57928, np.float64(102.09215514727326)),(48641, np.float64(102.09215514727326)),(31965, np.float64(102.09215514727326)),(47684, np.float64(102.09215514727326))"
57807,57807,"(57441, np.float64(102.09215514727326)),(20518, np.float64(102.09215514727326)),(17833, np.float64(102.09215514727326)),(34425, np.float64(102.09215514727326)),(51564, np.float64(102.09215514727326)),(62141, np.float64(102.09215514727326)),(57928, np.float64(102.09215514727326)),(48641, np.float64(102.09215514727326)),(31965, np.float64(102.09215514727326)),(47684, np.float64(102.09215514727326))"
58315,58315,"20518,17833,34425,51564,62141,48641,47684,8412,44271,14278"
58832,58832,"(57441, np.float64(102.09215514727326)),(20518, np.float64(102.09215514727326)),(17833, np.float64(102.09215514727326)),(34425, np.float64(102.09215514727326)),(51564, np.float64(102.09215514727326)),(62141, np.float64(102.09215514727326)),(57928, np.float64(102.09215514727326)),(48641, np.float64(102.09215514727326)),(31965, np.float64(102.09215514727326)),(47684, np.float64(102.09215514727326))"
59053,59053,"(57441, np.float64(102.09215514727326)),(20518, np.float64(102.09215514727326)),(17833, np.float64(102.09215514727326)),(34425, np.float64(102.09215514727326)),(51564, np.float64(102.09215514727326)),(62141, np.float64(102.09215514727326)),(57928, np.float64(102.09215514727326)),(48641, np.float64(102.09215514727326)),(31965, np.float64(102.09215514727326)),(47684, np.float64(102.09215514727326))"
59055,59055,"(57441, np.float64(102.09215514727326)),(20518, np.float64(102.09215514727326)),(17833, np.float64(102.09215514727326)),(34425, np.float64(102.09215514727326)),(51564, np.float64(102.09215514727326)),(62141, np.float64(102.09215514727326)),(57928, np.float64(102.09215514727326)),(48641, np.float64(102.09215514727326)),(31965, np.float64(102.09215514727326)),(47684, np.float64(102.09215514727326))"
59299,59299,"20518,17833,34425,51564,62141,48641,47684,8412,44271,14278"
59570,59570,"(57441, np.float64(102.09215514727326)),(20518, np.float64(102.09215514727326)),(17833, np.float64(102.09215514727326)),(34425, np.float64(102.09215514727326)),(51564, np.float64(102.09215514727326)),(62141, np.float64(102.09215514727326)),(57928, np.float64(102.09215514727326)),(48641, np.float64(102.09215514727326)),(31965, np.float64(102.09215514727326)),(47684, np.float64(102.09215514727326))"
59689,59689,"(57441, np.float64(102.09215514727326)),(20518, np.float64(102.09215514727326)),(17833, np.float64(102.09215514727326)),(34425, np.float64(102.09215514727326)),(51564, np.float64(102.09215514727326)),(62141, np.float64(102.09215514727326)),(57928, np.float64(102.09215514727326)),(48641, np.float64(102.09215514727326)),(31965, np.float64(102.09215514727326)),(47684, np.float64(102.09215514727326))"
59906,59906,"(57441, np.float64(102.09215514727326)),(20518, np.float64(102.09215514727326)),(17833, np.float64(102.09215514727326)),(34425, np.float64(102.09215514727326)),(51564, np.float64(102.09215514727326)),(62141, np.float64(102.09215514727326)),(57928, np.float64(102.09215514727326)),(48641, np.float64(102.09215514727326)),(31965, np.float64(102.09215514727326)),(47684, np.float64(102.09215514727326))"
60819,60819,"(57441, np.float64(102.09215514727326)),(20518, np.float64(102.09215514727326)),(17833, np.float64(102.09215514727326)),(34425, np.float64(102.09215514727326)),(51564, np.float64(102.09215514727326)),(62141, np.float64(102.09215514727326)),(57928, np.float64(102.09215514727326)),(48641, np.float64(102.09215514727326)),(31965, np.float64(102.09215514727326)),(47684, np.float64(102.09215514727326))"
61061,61061,"(57441, np.float64(102.09215514727326)),(20518, np.float64(102.09215514727326)),(17833, np.float64(102.09215514727326)),(34425, np.float64(102.09215514727326)),(51564, np.float64(102.09215514727326)),(62141, np.float64(102.09215514727326)),(57928, np.float64(102.09215514727326)),(48641, np.float64(102.09215514727326)),(31965, np.float64(102.09215514727326)),(47684, np.float64(102.09215514727326))"
62537,62537,"(57441, np.float64(102.09215514727326)),(20518, np.float64(102.09215514727326)),(17833, np.float64(102.09215514727326)),(34425, np.float64(102.09215514727326)),(51564, np.float64(102.09215514727326)),(62141, np.float64(102.09215514727326)),(57928, np.float64(102.09215514727326)),(48641, np.float64(102.09215514727326)),(31965, np.float64(102.09215514727326)),(47684, np.float64(102.09215514727326))"
62583,62583,"(57441, np.float64(102.09215514727326)),(20518, np.float64(102.09215514727326)),(17833, np.float64(102.09215514727326)),(34425, np.float64(102.09215514727326)),(51564, np.float64(102.09215514727326)),(62141, np.float64(102.09215514727326)),(57928, np.float64(102.09215514727326)),(48641, np.float64(102.09215514727326)),(31965, np.float64(102.09215514727326)),(47684, np.float64(102.09215514727326))"
62743,62743,"20518,17833,34425,51564,62141,48641,47684,8412,44271,14278"
63288,63288,"(57441, np.float64(102.09215514727326)),(20518, np.float64(102.09215514727326)),(17833, np.float64(102.09215514727326)),(34425, np.float64(102.09215514727326)),(51564, np.float64(102.09215514727326)),(62141, np.float64(102.09215514727326)),(57928, np.float64(102.09215514727326)),(48641, np.float64(102.09215514727326)),(31965, np.float64(102.09215514727326)),(47684, np.float64(102.09215514727326))"
63452,63452,"(57441, np.float64(102.09215514727326)),(20518, np.float64(102.09215514727326)),(17833, np.float64(102.09215514727326)),(34425, np.float64(102.09215514727326)),(51564, np.float64(102.09215514727326)),(62141, np.float64(102.09215514727326)),(57928, np.float64(102.09215514727326)),(48641, np.float64(102.09215514727326)),(31965, np.float64(102.09215514727326)),(47684, np.float64(102.09215514727326))"
63647,63647,"(57441, np.float64(102.09215514727326)),(20518, np.float64(102.09215514727326)),(17833, np.float64(102.09215514727326)),(34425, np.float64(102.09215514727326)),(51564, np.float64(102.09215514727326)),(62141, np.float64(102.09215514727326)),(57928, np.float64(102.09215514727326)),(48641, np.float64(102.09215514727326)),(31965, np.float64(102.09215514727326)),(47684, np.float64(102.09215514727326))"
63810,63810,"(57441, np.float64(102.09215514727326)),(20518, np.float64(102.09215514727326)),(17833, np.float64(102.09215514727326)),(34425, np.float64(102.09215514727326)),(51564, np.float64(102.09215514727326)),(62141, np.float64(102.09215514727326)),(57928, np.float64(102.09215514727326)),(48641, np.float64(102.09215514727326)),(31965, np.float64(102.09215514727326)),(47684, np.float64(102.09215514727326))"
63881,63881,"(57441, np.float64(102.09215514727326)),(20518, np.float64(102.09215514727326)),(17833, np.float64(102.09215514727326)),(34425, np.float64(102.09215514727326)),(51564, np.float64(102.09215514727326)),(62141, np.float64(102.09215514727326)),(57928, np.float64(102.09215514727326)),(48641, np.float64(102.09215514727326)),(31965, np.float64(102.09215514727326)),(47684, np.float64(102.09215514727326))"
64107,64107,"(57441, np.float64(102.09215514727326)),(20518, np.float64(102.09215514727326)),(17833, np.float64(102.09215514727326)),(34425, np.float64(102.09215514727326)),(51564, np.float64(102.09215514727326)),(62141, np.float64(102.09215514727326)),(57928, np.float64(102.09215514727326)),(48641, np.float64(102.09215514727326)),(31965, np.float64(102.09215514727326)),(47684, np.float64(102.09215514727326))"
64272,64272,"20518,17833,34425,51564,62141,48641,47684,8412,44271,14278"
64839,64839,"(57441, np.float64(102.09215514727326)),(20518, np.float64(102.09215514727326)),(17833, np.float64(102.09215514727326)),(34425, np.float64(102.09215514727326)),(51564, np.float64(102.09215514727326)),(62141, np.float64(102.09215514727326)),(57928, np.float64(102.09215514727326)),(48641, np.float64(102.09215514727326)),(31965, np.float64(102.09215514727326)),(47684, np.float64(102.09215514727326))"
64962,64962,"(57441, np.float64(102.09215514727326)),(20518, np.float64(102.09215514727326)),(17833, np.float64(102.09215514727326)),(34425, np.float64(102.09215514727326)),(51564, np.float64(102.09215514727326)),(62141, np.float64(102.09215514727326)),(57928, np.float64(102.09215514727326)),(48641, np.float64(102.09215514727326)),(31965, np.float64(102.09215514727326)),(47684, np.float64(102.09215514727326))"
65272,65272,"(57441, np.float64(102.09215514727326)),(20518, np.float64(102.09215514727326)),(17833, np.float64(102.09215514727326)),(34425, np.float64(102.09215514727326)),(51564, np.float64(102.09215514727326)),(62141, np.float64(102.09215514727326)),(57928, np.float64(102.09215514727326)),(48641, np.float64(102.09215514727326)),(31965, np.float64(102.09215514727326)),(47684, np.float64(102.09215514727326))"
65350,65350,"(57441, np.float64(102.09215514727326)),(20518, np.float64(102.09215514727326)),(17833, np.float64(102.09215514727326)),(34425, np.float64(102.09215514727326)),(51564, np.float64(102.09215514727326)),(62141, np.float64(102.09215514727326)),(57928, np.float64(102.09215514727326)),(48641, np.float64(102.09215514727326)),(31965, np.float64(102.09215514727326)),(47684, np.float64(102.09215514727326))"
65566,65566,"(57441, np.float64(102.09215514727326)),(20518, np.float64(102.09215514727326)),(17833, np.float64(102.09215514727326)),(34425, np.float64(102.09215514727326)),(51564, np.float64(102.09215514727326)),(62141, np.float64(102.09215514727326)),(57928, np.float64(102.09215514727326)),(48641, np.float64(102.09215514727326)),(31965, np.float64(102.09215514727326)),(47684, np.float64(102.09215514727326))"
65702,65702,"(57441, np.float64(102.09215514727326)),(20518, np.float64(102.09215514727326)),(17833, np.float64(102.09215514727326)),(34425, np.float64(102.09215514727326)),(51564, np.float64(102.09215514727326)),(62141, np.float64(102.09215514727326)),(57928, np.float64(102.09215514727326)),(48641, np.float64(102.09215514727326)),(31965, np.float64(102.09215514727326)),(47684, np.float64(102.09215514727326))"
66404,66404,"(57441, np.float64(102.09215514727326)),(20518, np.float64(102.09215514727326)),(17833, np.float64(102.09215514727326)),(34425, np.float64(102.09215514727326)),(51564, np.float64(102.09215514727326)),(62141, np.float64(102.09215514727326)),(57928, np.float64(102.09215514727326)),(48641, np.float64(102.09215514727326)),(31965, np.float64(102.09215514727326)),(47684, np.float64(102.09215514727326))"
67454,67454,"(57441, np.float64(102.09215514727326)),(20518, np.float64(102.09215514727326)),(17833, np.float64(102.09215514727326)),(34425, np.float64(102.09215514727326)),(51564, np.float64(102.09215514727326)),(62141, np.float64(102.09215514727326)),(57928, np.float64(102.09215514727326)),(48641, np.float64(102.09215514727326)),(31965, np.float64(102.09215514727326)),(47684, np.float64(102.09215514727326))"
67819,67819,"(57441, np.float64(102.09215514727326)),(20518, np.float64(102.09215514727326)),(17833, np.float64(102.09215514727326)),(34425, np.float64(102.09215514727326)),(51564, np.float64(102.09215514727326)),(62141, np.float64(102.09215514727326)),(57928, np.float64(102.09215514727326)),(48641, np.float64(102.09215514727326)),(31965, np.float64(102.09215514727326)),(47684, np.float64(102.09215514727326))"
67980,67980,"(57441, np.float64(102.09215514727326)),(20518, np.float64(102.09215514727326)),(17833, np.float64(102.09215514727326)),(34425, np.float64(102.09215514727326)),(51564, np.float64(102.09215514727326)),(62141, np.float64(102.09215514727326)),(57928, np.float64(102.09215514727326)),(48641, np.float64(102.09215514727326)),(31965, np.float64(102.09215514727326)),(47684, np.float64(102.09215514727326))"
68217,68217,"(57441, np.float64(102.09215514727326)),(20518, np.float64(102.09215514727326)),(17833, np.float64(102.09215514727326)),(34425, np.float64(102.09215514727326)),(51564, np.float64(102.09215514727326)),(62141, np.float64(102.09215514727326)),(57928, np.float64(102.09215514727326)),(48641, np.float64(102.09215514727326)),(31965, np.float64(102.09215514727326)),(47684, np.float64(102.09215514727326))"
68768,68768,"(57441, np.float64(102.09215514727326)),(20518, np.float64(102.09215514727326)),(17833, np.float64(102.09215514727326)),(34425, np.float64(102.09215514727326)),(51564, np.float64(102.09215514727326)),(62141, np.float64(102.09215514727326)),(57928, np.float64(102.09215514727326)),(48641, np.float64(102.09215514727326)),(31965, np.float64(102.09215514727326)),(47684, np.float64(102.09215514727326))"
70295,70295,"(57441, np.float64(102.09215514727326)),(20518, np.float64(102.09215514727326)),(17833, np.float64(102.09215514727326)),(34425, np.float64(102.09215514727326)),(51564, np.float64(102.09215514727326)),(62141, np.float64(102.09215514727326)),(57928, np.float64(102.09215514727326)),(48641, np.float64(102.09215514727326)),(31965, np.float64(102.09215514727326)),(47684, np.float64(102.09215514727326))"
70545,70545,"(57441, np.float64(102.09215514727326)),(20518, np.float64(102.09215514727326)),(17833, np.float64(102.09215514727326)),(34425, np.float64(102.09215514727326)),(51564, np.float64(102.09215514727326)),(62141, np.float64(102.09215514727326)),(57928, np.float64(102.09215514727326)),(48641, np.float64(102.09215514727326)),(31965, np.float64(102.09215514727326)),(47684, np.float64(102.09215514727326))"
70722,70722,"(57441, np.float64(102.09215514727326)),(20518, np.float64(102.09215514727326)),(17833, np.float64(102.09215514727326)),(34425, np.float64(102.09215514727326)),(51564, np.float64(102.09215514727326)),(62141, np.float64(102.09215514727326)),(57928, np.float64(102.09215514727326)),(48641, np.float64(102.09215514727326)),(31965, np.float64(102.09215514727326)),(47684, np.float64(102.09215514727326))"
70876,70876,"(57441, np.float64(102.09215514727326)),(20518, np.float64(102.09215514727326)),(17833, np.float64(102.09215514727326)),(34425, np.float64(102.09215514727326)),(51564, np.float64(102.09215514727326)),(62141, np.float64(102.09215514727326)),(57928, np.float64(102.09215514727326)),(48641, np.float64(102.09215514727326)),(31965, np.float64(102.09215514727326)),(47684, np.float64(102.09215514727326))"
71302,71302,"(57441, np.float64(102.09215514727326)),(20518, np.float64(102.09215514727326)),(17833, np.float64(102.09215514727326)),(34425, np.float64(102.09215514727326)),(51564, np.float64(102.09215514727326)),(62141, np.float64(102.09215514727326)),(57928, np.float64(102.09215514727326)),(48641, np.float64(102.09215514727326)),(31965, np.float64(102.09215514727326)),(47684, np.float64(102.09215514727326))"
71715,71715,"(57441, np.float64(102.09215514727326)),(20518, np.float64(102.09215514727326)),(17833, np.float64(102.09215514727326)),(34425, np.float64(102.09215514727326)),(51564, np.float64(102.09215514727326)),(62141, np.float64(102.09215514727326)),(57928, np.float64(102.09215514727326)),(48641, np.float64(102.09215514727326)),(31965, np.float64(102.09215514727326)),(47684, np.float64(102.09215514727326))"
72058,72058,"(57441, np.float64(102.09215514727326)),(20518, np.float64(102.09215514727326)),(17833, np.float64(102.09215514727326)),(34425, np.float64(102.09215514727326)),(51564, np.float64(102.09215514727326)),(62141, np.float64(102.09215514727326)),(57928, np.float64(102.09215514727326)),(48641, np.float64(102.09215514727326)),(31965, np.float64(102.09215514727326)),(47684, np.float64(102.09215514727326))"
72169,72169,"(57441, np.float64(102.09215514727326)),(20518, np.float64(102.09215514727326)),(17833, np.float64(102.09215514727326)),(34425, np.float64(102.09215514727326)),(51564, np.float64(102.09215514727326)),(62141, np.float64(102.09215514727326)),(57928, np.float64(102.09215514727326)),(48641, np.float64(102.09215514727326)),(31965, np.float64(102.09215514727326)),(47684, np.float64(102.09215514727326))"
72919,72919,"(57441, np.float64(102.09215514727326)),(20518, np.float64(102.09215514727326)),(17833, np.float64(102.09215514727326)),(34425, np.float64(102.09215514727326)),(51564, np.float64(102.09215514727326)),(62141, np.float64(102.09215514727326)),(57928, np.float64(102.09215514727326)),(48641, np.float64(102.09215514727326)),(31965, np.float64(102.09215514727326)),(47684, np.float64(102.09215514727326))"
73781,73781,"(57441, np.float64(102.09215514727326)),(20518, np.float64(102.09215514727326)),(17833, np.float64(102.09215514727326)),(34425, np.float64(102.09215514727326)),(51564, np.float64(102.09215514727326)),(62141, np.float64(102.09215514727326)),(57928, np.float64(102.09215514727326)),(48641, np.float64(102.09215514727326)),(31965, np.float64(102.09215514727326)),(47684, np.float64(102.09215514727326))"
73843,73843,"(57441, np.float64(102.09215514727326)),(20518, np.float64(102.09215514727326)),(17833, np.float64(102.09215514727326)),(34425, np.float64(102.09215514727326)),(51564, np.float64(102.09215514727326)),(62141, np.float64(102.09215514727326)),(57928, np.float64(102.09215514727326)),(48641, np.float64(102.09215514727326)),(31965, np.float64(102.09215514727326)),(47684, np.float64(102.09215514727326))"
74190,74190,"(57441, np.float64(102.09215514727326)),(20518, np.float64(102.09215514727326)),(17833, np.float64(102.09215514727326)),(34425, np.float64(102.09215514727326)),(51564, np.float64(102.09215514727326)),(62141, np.float64(102.09215514727326)),(57928, np.float64(102.09215514727326)),(48641, np.float64(102.09215514727326)),(31965, np.float64(102.09215514727326)),(47684, np.float64(102.09215514727326))"
74394,74394,"(57441, np.float64(102.09215514727326)),(20518, np.float64(102.09215514727326)),(17833, np.float64(102.09215514727326)),(34425, np.float64(102.09215514727326)),(51564, np.float64(102.09215514727326)),(62141, np.float64(102.09215514727326)),(57928, np.float64(102.09215514727326)),(48641, np.float64(102.09215514727326)),(31965, np.float64(102.09215514727326)),(47684, np.float64(102.09215514727326))"
74489,74489,"(57441, np.float64(102.09215514727326)),(20518, np.float64(102.09215514727326)),(17833, np.float64(102.09215514727326)),(34425, np.float64(102.09215514727326)),(51564, np.float64(102.09215514727326)),(62141, np.float64(102.09215514727326)),(57928, np.float64(102.09215514727326)),(48641, np.float64(102.09215514727326)),(31965, np.float64(102.09215514727326)),(47684, np.float64(102.09215514727326))"
74734,74734,"(57441, np.float64(102.09215514727326)),(20518, np.float64(102.09215514727326)),(17833, np.float64(102.09215514727326)),(34425, np.float64(102.09215514727326)),(51564, np.float64(102.09215514727326)),(62141, np.float64(102.09215514727326)),(57928, np.float64(102.09215514727326)),(48641, np.float64(102.09215514727326)),(31965, np.float64(102.09215514727326)),(47684, np.float64(102.09215514727326))"
74882,74882,"(57441, np.float64(102.09215514727326)),(20518, np.float64(102.09215514727326)),(17833, np.float64(102.09215514727326)),(34425, np.float64(102.09215514727326)),(51564, np.float64(102.09215514727326)),(62141, np.float64(102.09215514727326)),(57928, np.float64(102.09215514727326)),(48641, np.float64(102.09215514727326)),(31965, np.float64(102.09215514727326)),(47684, np.float64(102.09215514727326))"
75017,75017,"(57441, np.float64(102.09215514727326)),(20518, np.float64(102.09215514727326)),(17833, np.float64(102.09215514727326)),(34425, np.float64(102.09215514727326)),(51564, np.float64(102.09215514727326)),(62141, np.float64(102.09215514727326)),(57928, np.float64(102.09215514727326)),(48641, np.float64(102.09215514727326)),(31965, np.float64(102.09215514727326)),(47684, np.float64(102.09215514727326))"
75151,75151,"(57441, np.float64(102.09215514727326)),(20518, np.float64(102.09215514727326)),(17833, np.float64(102.09215514727326)),(34425, np.float64(102.09215514727326)),(51564, np.float64(102.09215514727326)),(62141, np.float64(102.09215514727326)),(57928, np.float64(102.09215514727326)),(48641, np.float64(102.09215514727326)),(31965, np.float64(102.09215514727326)),(47684, np.float64(102.09215514727326))"
75257,75257,"(57441, np.float64(102.09215514727326)),(20518, np.float64(102.09215514727326)),(17833, np.float64(102.09215514727326)),(34425, np.float64(102.09215514727326)),(51564, np.float64(102.09215514727326)),(62141, np.float64(102.09215514727326)),(57928, np.float64(102.09215514727326)),(48641, np.float64(102.09215514727326)),(31965, np.float64(102.09215514727326)),(47684, np.float64(102.09215514727326))"
75471,75471,"(57441, np.float64(102.09215514727326)),(20518, np.float64(102.09215514727326)),(17833, np.float64(102.09215514727326)),(34425, np.float64(102.09215514727326)),(51564, np.float64(102.09215514727326)),(62141, np.float64(102.09215514727326)),(57928, np.float64(102.09215514727326)),(48641, np.float64(102.09215514727326)),(31965, np.float64(102.09215514727326)),(47684, np.float64(102.09215514727326))"
75523,75523,"(57441, np.float64(102.09215514727326)),(20518, np.float64(102.09215514727326)),(17833, np.float64(102.09215514727326)),(34425, np.float64(102.09215514727326)),(51564, np.float64(102.09215514727326)),(62141, np.float64(102.09215514727326)),(57928, np.float64(102.09215514727326)),(48641, np.float64(102.09215514727326)),(31965, np.float64(102.09215514727326)),(47684, np.float64(102.09215514727326))"
76327,76327,"20518,17833,34425,51564,62141,48641,47684,8412,44271,14278"
76842,76842,"(57441, np.float64(102.09215514727326)),(20518, np.float64(102.09215514727326)),(17833, np.float64(102.09215514727326)),(34425, np.float64(102.09215514727326)),(51564, np.float64(102.09215514727326)),(62141, np.float64(102.09215514727326)),(57928, np.float64(102.09215514727326)),(48641, np.float64(102.09215514727326)),(31965, np.float64(102.09215514727326)),(47684, np.float64(102.09215514727326))"
77042,77042,"(57441, np.float64(102.09215514727326)),(20518, np.float64(102.09215514727326)),(17833, np.float64(102.09215514727326)),(34425, np.float64(102.09215514727326)),(51564, np.float64(102.09215514727326)),(62141, np.float64(102.09215514727326)),(57928, np.float64(102.09215514727326)),(48641, np.float64(102.09215514727326)),(31965, np.float64(102.09215514727326)),(47684, np.float64(102.09215514727326))"
77194,77194,"(57441, np.float64(102.09215514727326)),(20518, np.float64(102.09215514727326)),(17833, np.float64(102.09215514727326)),(34425, np.float64(102.09215514727326)),(51564, np.float64(102.09215514727326)),(62141, np.float64(102.09215514727326)),(57928, np.float64(102.09215514727326)),(48641, np.float64(102.09215514727326)),(31965, np.float64(102.09215514727326)),(47684, np.float64(102.09215514727326))"
77672,77672,"(57441, np.float64(102.09215514727326)),(20518, np.float64(102.09215514727326)),(17833, np.float64(102.09215514727326)),(34425, np.float64(102.09215514727326)),(51564, np.float64(102.09215514727326)),(62141, np.float64(102.09215514727326)),(57928, np.float64(102.09215514727326)),(48641, np.float64(102.09215514727326)),(31965, np.float64(102.09215514727326)),(47684, np.float64(102.09215514727326))"
78770,78770,"(57441, np.float64(102.09215514727326)),(20518, np.float64(102.09215514727326)),(17833, np.float64(102.09215514727326)),(34425, np.float64(102.09215514727326)),(51564, np.float64(102.09215514727326)),(62141, np.float64(102.09215514727326)),(57928, np.float64(102.09215514727326)),(48641, np.float64(102.09215514727326)),(31965, np.float64(102.09215514727326)),(47684, np.float64(102.09215514727326))"
78989,78989,"20518,17833,34425,51564,62141,48641,47684,8412,44271,14278"
80655,80655,"(57441, np.float64(102.09215514727326)),(20518, np.float64(102.09215514727326)),(17833, np.float64(102.09215514727326)),(34425, np.float64(102.09215514727326)),(51564, np.float64(102.09215514727326)),(62141, np.float64(102.09215514727326)),(57928, np.float64(102.09215514727326)),(48641, np.float64(102.09215514727326)),(31965, np.float64(102.09215514727326)),(47684, np.float64(102.09215514727326))"
80799,80799,"(57441, np.float64(102.09215514727326)),(20518, np.float64(102.09215514727326)),(17833, np.float64(102.09215514727326)),(34425, np.float64(102.09215514727326)),(51564, np.float64(102.09215514727326)),(62141, np.float64(102.09215514727326)),(57928, np.float64(102.09215514727326)),(48641, np.float64(102.09215514727326)),(31965, np.float64(102.09215514727326)),(47684, np.float64(102.09215514727326))"
80834,80834,"(57441, np.float64(102.09215514727326)),(20518, np.float64(102.09215514727326)),(17833, np.float64(102.09215514727326)),(34425, np.float64(102.09215514727326)),(51564, np.float64(102.09215514727326)),(62141, np.float64(102.09215514727326)),(57928, np.float64(102.09215514727326)),(48641, np.float64(102.09215514727326)),(31965, np.float64(102.09215514727326)),(47684, np.float64(102.09215514727326))"
80914,80914,"(57441, np.float64(102.09215514727326)),(20518, np.float64(102.09215514727326)),(17833, np.float64(102.09215514727326)),(34425, np.float64(102.09215514727326)),(51564, np.float64(102.09215514727326)),(62141, np.float64(102.09215514727326)),(57928, np.float64(102.09215514727326)),(48641, np.float64(102.09215514727326)),(31965, np.float64(102.09215514727326)),(47684, np.float64(102.09215514727326))"
80926,80926,"20518,17833,34425,51564,62141,48641,47684,8412,44271,14278"
80954,80954,"(57441, np.float64(102.09215514727326)),(20518, np.float64(102.09215514727326)),(17833, np.float64(102.09215514727326)),(34425, np.float64(102.09215514727326)),(51564, np.float64(102.09215514727326)),(62141, np.float64(102.09215514727326)),(57928, np.float64(102.09215514727326)),(48641, np.float64(102.09215514727326)),(31965, np.float64(102.09215514727326)),(47684, np.float64(102.09215514727326))"
80968,80968,"20518,17833,34425,51564,62141,48641,47684,8412,44271,14278"
81268,81268,"(57441, np.float64(102.09215514727326)),(20518, np.float64(102.09215514727326)),(17833, np.float64(102.09215514727326)),(34425, np.float64(102.09215514727326)),(51564, np.float64(102.09215514727326)),(62141, np.float64(102.09215514727326)),(57928, np.float64(102.09215514727326)),(48641, np.float64(102.09215514727326)),(31965, np.float64(102.09215514727326)),(47684, np.float64(102.09215514727326))"
81867,81867,"(57441, np.float64(102.09215514727326)),(20518, np.float64(102.09215514727326)),(17833, np.float64(102.09215514727326)),(34425, np.float64(102.09215514727326)),(51564, np.float64(102.09215514727326)),(62141, np.float64(102.09215514727326)),(57928, np.float64(102.09215514727326)),(48641, np.float64(102.09215514727326)),(31965, np.float64(102.09215514727326)),(47684, np.float64(102.09215514727326))"
83207,83207,"(57441, np.float64(102.09215514727326)),(20518, np.float64(102.09215514727326)),(17833, np.float64(102.09215514727326)),(34425, np.float64(102.09215514727326)),(51564, np.float64(102.09215514727326)),(62141, np.float64(102.09215514727326)),(57928, np.float64(102.09215514727326)),(48641, np.float64(102.09215514727326)),(31965, np.float64(102.09215514727326)),(47684, np.float64(102.09215514727326))"
83870,83870,"(57441, np.float64(102.09215514727326)),(20518, np.float64(102.09215514727326)),(17833, np.float64(102.09215514727326)),(34425, np.float64(102.09215514727326)),(51564, np.float64(102.09215514727326)),(62141, np.float64(102.09215514727326)),(57928, np.float64(102.09215514727326)),(48641, np.float64(102.09215514727326)),(31965, np.float64(102.09215514727326)),(47684, np.float64(102.09215514727326))"
84235,84235,"(57441, np.float64(102.09215514727326)),(20518, np.float64(102.09215514727326)),(17833, np.float64(102.09215514727326)),(34425, np.float64(102.09215514727326)),(51564, np.float64(102.09215514727326)),(62141, np.float64(102.09215514727326)),(57928, np.float64(102.09215514727326)),(48641, np.float64(102.09215514727326)),(31965, np.float64(102.09215514727326)),(47684, np.float64(102.09215514727326))"
84455,84455,"(57441, np.float64(102.09215514727326)),(20518, np.float64(102.09215514727326)),(17833, np.float64(102.09215514727326)),(34425, np.float64(102.09215514727326)),(51564, np.float64(102.09215514727326)),(62141, np.float64(102.09215514727326)),(57928, np.float64(102.09215514727326)),(48641, np.float64(102.09215514727326)),(31965, np.float64(102.09215514727326)),(47684, np.float64(102.09215514727326))"
84469,84469,"(57441, np.float64(102.09215514727326)),(20518, np.float64(102.09215514727326)),(17833, np.float64(102.09215514727326)),(34425, np.float64(102.09215514727326)),(51564, np.float64(102.09215514727326)),(62141, np.float64(102.09215514727326)),(57928, np.float64(102.09215514727326)),(48641, np.float64(102.09215514727326)),(31965, np.float64(102.09215514727326)),(47684, np.float64(102.09215514727326))"
84855,84855,"(57441, np.float64(102.09215514727326)),(20518, np.float64(102.09215514727326)),(17833, np.float64(102.09215514727326)),(34425, np.float64(102.09215514727326)),(51564, np.float64(102.09215514727326)),(62141, np.float64(102.09215514727326)),(57928, np.float64(102.09215514727326)),(48641, np.float64(102.09215514727326)),(31965, np.float64(102.09215514727326)),(47684, np.float64(102.09215514727326))"
84892,84892,"(57441, np.float64(102.09215514727326)),(20518, np.float64(102.09215514727326)),(17833, np.float64(102.09215514727326)),(34425, np.float64(102.09215514727326)),(51564, np.float64(102.09215514727326)),(62141, np.float64(102.09215514727326)),(57928, np.float64(102.09215514727326)),(48641, np.float64(102.09215514727326)),(31965, np.float64(102.09215514727326)),(47684, np.float64(102.09215514727326))"
85074,85074,"(57441, np.float64(102.09215514727326)),(20518, np.float64(102.09215514727326)),(17833, np.float64(102.09215514727326)),(34425, np.float64(102.09215514727326)),(51564, np.float64(102.09215514727326)),(62141, np.float64(102.09215514727326)),(57928, np.float64(102.09215514727326)),(48641, np.float64(102.09215514727326)),(31965, np.float64(102.09215514727326)),(47684, np.float64(102.09215514727326))"
85354,85354,"(57441, np.float64(102.09215514727326)),(20518, np.float64(102.09215514727326)),(17833, np.float64(102.09215514727326)),(34425, np.float64(102.09215514727326)),(51564, np.float64(102.09215514727326)),(62141, np.float64(102.09215514727326)),(57928, np.float64(102.09215514727326)),(48641, np.float64(102.09215514727326)),(31965, np.float64(102.09215514727326)),(47684, np.float64(102.09215514727326))"
85503,85503,"(57441, np.float64(102.09215514727326)),(20518, np.float64(102.09215514727326)),(17833, np.float64(102.09215514727326)),(34425, np.float64(102.09215514727326)),(51564, np.float64(102.09215514727326)),(62141, np.float64(102.09215514727326)),(57928, np.float64(102.09215514727326)),(48641, np.float64(102.09215514727326)),(31965, np.float64(102.09215514727326)),(47684, np.float64(102.09215514727326))"
85889,85889,"(57441, np.float64(102.09215514727326)),(20518, np.float64(102.09215514727326)),(17833, np.float64(102.09215514727326)),(34425, np.float64(102.09215514727326)),(51564, np.float64(102.09215514727326)),(62141, np.float64(102.09215514727326)),(57928, np.float64(102.09215514727326)),(48641, np.float64(102.09215514727326)),(31965, np.float64(102.09215514727326)),(47684, np.float64(102.09215514727326))"
86334,86334,"(57441, np.float64(102.09215514727326)),(20518, np.float64(102.09215514727326)),(17833, np.float64(102.09215514727326)),(34425, np.float64(102.09215514727326)),(51564, np.float64(102.09215514727326)),(62141, np.float64(102.09215514727326)),(57928, np.float64(102.09215514727326)),(48641, np.float64(102.09215514727326)),(31965, np.float64(102.09215514727326)),(47684, np.float64(102.09215514727326))"
88113,88113,"(57441, np.float64(102.09215514727326)),(20518, np.float64(102.09215514727326)),(17833, np.float64(102.09215514727326)),(34425, np.float64(102.09215514727326)),(51564, np.float64(102.09215514727326)),(62141, np.float64(102.09215514727326)),(57928, np.float64(102.09215514727326)),(48641, np.float64(102.09215514727326)),(31965, np.float64(102.09215514727326)),(47684, np.float64(102.09215514727326))"
88213,88213,"(57441, np.float64(102.09215514727326)),(20518, np.float64(102.09215514727326)),(17833, np.float64(102.09215514727326)),(34425, np.float64(102.09215514727326)),(51564, np.float64(102.09215514727326)),(62141, np.float64(102.09215514727326)),(57928, np.float64(102.09215514727326)),(48641, np.float64(102.09215514727326)),(31965, np.float64(102.09215514727326)),(47684, np.float64(102.09215514727326))"
88386,88386,"(57441, np.float64(102.09215514727326)),(20518, np.float64(102.09215514727326)),(17833, np.float64(102.09215514727326)),(34425, np.float64(102.09215514727326)),(51564, np.float64(102.09215514727326)),(62141, np.float64(102.09215514727326)),(57928, np.float64(102.09215514727326)),(48641, np.float64(102.09215514727326)),(31965, np.float64(102.09215514727326)),(47684, np.float64(102.09215514727326))"
88509,88509,"(57441, np.float64(102.09215514727326)),(20518, np.float64(102.09215514727326)),(17833, np.float64(102.09215514727326)),(34425, np.float64(102.09215514727326)),(51564, np.float64(102.09215514727326)),(62141, np.float64(102.09215514727326)),(57928, np.float64(102.09215514727326)),(48641, np.float64(102.09215514727326)),(31965, np.float64(102.09215514727326)),(47684, np.float64(102.09215514727326))"
88578,88578,"20518,17833,34425,51564,62141,48641,47684,8412,44271,14278"
88682,88682,"(57441, np.float64(102.09215514727326)),(20518, np.float64(102.09215514727326)),(17833, np.float64(102.09215514727326)),(34425, np.float64(102.09215514727326)),(51564, np.float64(102.09215514727326)),(62141, np.float64(102.09215514727326)),(57928, np.float64(102.09215514727326)),(48641, np.float64(102.09215514727326)),(31965, np.float64(102.09215514727326)),(47684, np.float64(102.09215514727326))"
89371,89371,"(57441, np.float64(102.09215514727326)),(20518, np.float64(102.09215514727326)),(17833, np.float64(102.09215514727326)),(34425, np.float64(102.09215514727326)),(51564, np.float64(102.09215514727326)),(62141, np.float64(102.09215514727326)),(57928, np.float64(102.09215514727326)),(48641, np.float64(102.09215514727326)),(31965, np.float64(102.09215514727326)),(47684, np.float64(102.09215514727326))"
89708,89708,"(57441, np.float64(102.09215514727326)),(20518, np.float64(102.09215514727326)),(17833, np.float64(102.09215514727326)),(34425, np.float64(102.09215514727326)),(51564, np.float64(102.09215514727326)),(62141, np.float64(102.09215514727326)),(57928, np.float64(102.09215514727326)),(48641, np.float64(102.09215514727326)),(31965, np.float64(102.09215514727326)),(47684, np.float64(102.09215514727326))"
89877,89877,"(57441, np.float64(102.09215514727326)),(20518, np.float64(102.09215514727326)),(17833, np.float64(102.09215514727326)),(34425, np.float64(102.09215514727326)),(51564, np.float64(102.09215514727326)),(62141, np.float64(102.09215514727326)),(57928, np.float64(102.09215514727326)),(48641, np.float64(102.09215514727326)),(31965, np.float64(102.09215514727326)),(47684, np.float64(102.09215514727326))"
90048,90048,"(57441, np.float64(102.09215514727326)),(20518, np.float64(102.09215514727326)),(17833, np.float64(102.09215514727326)),(34425, np.float64(102.09215514727326)),(51564, np.float64(102.09215514727326)),(62141, np.float64(102.09215514727326)),(57928, np.float64(102.09215514727326)),(48641, np.float64(102.09215514727326)),(31965, np.float64(102.09215514727326)),(47684, np.float64(102.09215514727326))"
91154,91154,"(57441, np.float64(102.09215514727326)),(20518, np.float64(102.09215514727326)),(17833, np.float64(102.09215514727326)),(34425, np.float64(102.09215514727326)),(51564, np.float64(102.09215514727326)),(62141, np.float64(102.09215514727326)),(57928, np.float64(102.09215514727326)),(48641, np.float64(102.09215514727326)),(31965, np.float64(102.09215514727326)),(47684, np.float64(102.09215514727326))"
91400,91400,"(57441, np.float64(102.09215514727326)),(20518, np.float64(102.09215514727326)),(17833, np.float64(102.09215514727326)),(34425, np.float64(102.09215514727326)),(51564, np.float64(102.09215514727326)),(62141, np.float64(102.09215514727326)),(57928, np.float64(102.09215514727326)),(48641, np.float64(102.09215514727326)),(31965, np.float64(102.09215514727326)),(47684, np.float64(102.09215514727326))"
91432,91432,"(57441, np.float64(102.09215514727326)),(20518, np.float64(102.09215514727326)),(17833, np.float64(102.09215514727326)),(34425, np.float64(102.09215514727326)),(51564, np.float64(102.09215514727326)),(62141, np.float64(102.09215514727326)),(57928, np.float64(102.09215514727326)),(48641, np.float64(102.09215514727326)),(31965, np.float64(102.09215514727326)),(47684, np.float64(102.09215514727326))"
91812,91812,"(57441, np.float64(102.09215514727326)),(20518, np.float64(102.09215514727326)),(17833, np.float64(102.09215514727326)),(34425, np.float64(102.09215514727326)),(51564, np.float64(102.09215514727326)),(62141, np.float64(102.09215514727326)),(57928, np.float64(102.09215514727326)),(48641, np.float64(102.09215514727326)),(31965, np.float64(102.09215514727326)),(47684, np.float64(102.09215514727326))"
92344,92344,"(57441, np.float64(102.09215514727326)),(20518, np.float64(102.09215514727326)),(17833, np.float64(102.09215514727326)),(34425, np.float64(102.09215514727326)),(51564, np.float64(102.09215514727326)),(62141, np.float64(102.09215514727326)),(57928, np.float64(102.09215514727326)),(48641, np.float64(102.09215514727326)),(31965, np.float64(102.09215514727326)),(47684, np.float64(102.09215514727326))"
92626,92626,"(57441, np.float64(102.09215514727326)),(20518, np.float64(102.09215514727326)),(17833, np.float64(102.09215514727326)),(34425, np.float64(102.09215514727326)),(51564, np.float64(102.09215514727326)),(62141, np.float64(102.09215514727326)),(57928, np.float64(102.09215514727326)),(48641, np.float64(102.09215514727326)),(31965, np.float64(102.09215514727326)),(47684, np.float64(102.09215514727326))"
92779,92779,"(57441, np.float64(102.09215514727326)),(20518, np.float64(102.09215514727326)),(17833, np.float64(102.09215514727326)),(34425, np.float64(102.09215514727326)),(51564, np.float64(102.09215514727326)),(62141, np.float64(102.09215514727326)),(57928, np.float64(102.09215514727326)),(48641, np.float64(102.09215514727326)),(31965, np.float64(102.09215514727326)),(47684, np.float64(102.09215514727326))"
93357,93357,"(57441, np.float64(102.09215514727326)),(20518, np.float64(102.09215514727326)),(17833, np.float64(102.09215514727326)),(34425, np.float64(102.09215514727326)),(51564, np.float64(102.09215514727326)),(62141, np.float64(102.09215514727326)),(57928, np.float64(102.09215514727326)),(48641, np.float64(102.09215514727326)),(31965, np.float64(102.09215514727326)),(47684, np.float64(102.09215514727326))"
94005,94005,"(57441, np.float64(102.09215514727326)),(20518, np.float64(102.09215514727326)),(17833, np.float64(102.09215514727326)),(34425, np.float64(102.09215514727326)),(51564, np.float64(102.09215514727326)),(62141, np.float64(102.09215514727326)),(57928, np.float64(102.09215514727326)),(48641, np.float64(102.09215514727326)),(31965, np.float64(102.09215514727326)),(47684, np.float64(102.09215514727326))"
94818,94818,"13739,20518,17833,34425,51564,62141,48641,47684,8412,44271"
94855,94855,"(57441, np.float64(102.09215514727326)),(20518, np.float64(102.09215514727326)),(17833, np.float64(102.09215514727326)),(34425, np.float64(102.09215514727326)),(51564, np.float64(102.09215514727326)),(62141, np.float64(102.09215514727326)),(57928, np.float64(102.09215514727326)),(48641, np.float64(102.09215514727326)),(31965, np.float64(102.09215514727326)),(47684, np.float64(102.09215514727326))"
95142,95142,"(57441, np.float64(102.09215514727326)),(20518, np.float64(102.09215514727326)),(17833, np.float64(102.09215514727326)),(34425, np.float64(102.09215514727326)),(51564, np.float64(102.09215514727326)),(62141, np.float64(102.09215514727326)),(57928, np.float64(102.09215514727326)),(48641, np.float64(102.09215514727326)),(31965, np.float64(102.09215514727326)),(47684, np.float64(102.09215514727326))"
96660,96660,"(57441, np.float64(102.09215514727326)),(20518, np.float64(102.09215514727326)),(17833, np.float64(102.09215514727326)),(34425, np.float64(102.09215514727326)),(51564, np.float64(102.09215514727326)),(62141, np.float64(102.09215514727326)),(57928, np.float64(102.09215514727326)),(48641, np.float64(102.09215514727326)),(31965, np.float64(102.09215514727326)),(47684, np.float64(102.09215514727326))"
97284,97284,"(57441, np.float64(102.09215514727326)),(20518, np.float64(102.09215514727326)),(17833, np.float64(102.09215514727326)),(34425, np.float64(102.09215514727326)),(51564, np.float64(102.09215514727326)),(62141, np.float64(102.09215514727326)),(57928, np.float64(102.09215514727326)),(48641, np.float64(102.09215514727326)),(31965, np.float64(102.09215514727326)),(47684, np.float64(102.09215514727326))"
97751,97751,"(57441, np.float64(102.09215514727326)),(20518, np.float64(102.09215514727326)),(17833, np.float64(102.09215514727326)),(34425, np.float64(102.09215514727326)),(51564, np.float64(102.09215514727326)),(62141, np.float64(102.09215514727326)),(57928, np.float64(102.09215514727326)),(48641, np.float64(102.09215514727326)),(31965, np.float64(102.09215514727326)),(47684, np.float64(102.09215514727326))"
98021,98021,"(57441, np.float64(102.09215514727326)),(20518, np.float64(102.09215514727326)),(17833, np.float64(102.09215514727326)),(34425, np.float64(102.09215514727326)),(51564, np.float64(102.09215514727326)),(62141, np.float64(102.09215514727326)),(57928, np.float64(102.09215514727326)),(48641, np.float64(102.09215514727326)),(31965, np.float64(102.09215514727326)),(47684, np.float64(102.09215514727326))"
98134,98134,"(57441, np.float64(102.09215514727326)),(20518, np.float64(102.09215514727326)),(17833, np.float64(102.09215514727326)),(34425, np.float64(102.09215514727326)),(51564, np.float64(102.09215514727326)),(62141, np.float64(102.09215514727326)),(57928, np.float64(102.09215514727326)),(48641, np.float64(102.09215514727326)),(31965, np.float64(102.09215514727326)),(47684, np.float64(102.09215514727326))"
98219,98219,"(57441, np.float64(102.09215514727326)),(20518, np.float64(102.09215514727326)),(17833, np.float64(102.09215514727326)),(34425, np.float64(102.09215514727326)),(51564, np.float64(102.09215514727326)),(62141, np.float64(102.09215514727326)),(57928, np.float64(102.09215514727326)),(48641, np.float64(102.09215514727326)),(31965, np.float64(102.09215514727326)),(47684, np.float64(102.09215514727326))"
98309,98309,"20518,17833,34425,51564,62141,48641,47684,8412,44271,14278"
98390,98390,"(57441, np.float64(102.09215514727326)),(20518, np.float64(102.09215514727326)),(17833, np.float64(102.09215514727326)),(34425, np.float64(102.09215514727326)),(51564, np.float64(102.09215514727326)),(62141, np.float64(102.09215514727326)),(57928, np.float64(102.09215514727326)),(48641, np.float64(102.09215514727326)),(31965, np.float64(102.09215514727326)),(47684, np.float64(102.09215514727326))"
98636,98636,"12652,20518,17833,34425,51564,62141,48641,47684,8412,44271"
98908,98908,"(57441, np.float64(102.09215514727326)),(20518, np.float64(102.09215514727326)),(17833, np.float64(102.09215514727326)),(34425, np.float64(102.09215514727326)),(51564, np.float64(102.09215514727326)),(62141, np.float64(102.09215514727326)),(57928, np.float64(102.09215514727326)),(48641, np.float64(102.09215514727326)),(31965, np.float64(102.09215514727326)),(47684, np.float64(102.09215514727326))"
99154,99154,"(57441, np.float64(102.09215514727326)),(20518, np.float64(102.09215514727326)),(17833, np.float64(102.09215514727326)),(34425, np.float64(102.09215514727326)),(51564, np.float64(102.09215514727326)),(62141, np.float64(102.09215514727326)),(57928, np.float64(102.09215514727326)),(48641, np.float64(102.09215514727326)),(31965, np.float64(102.09215514727326)),(47684, np.float64(102.09215514727326))"
99183,99183,"20518,17833,34425,51564,62141,48641,47684,8412,44271,14278"
99571,99571,"(57441, np.float64(102.09215514727326)),(20518, np.float64(102.09215514727326)),(17833, np.float64(102.09215514727326)),(34425, np.float64(102.09215514727326)),(51564, np.float64(102.09215514727326)),(62141, np.float64(102.09215514727326)),(57928, np.float64(102.09215514727326)),(48641, np.float64(102.09215514727326)),(31965, np.float64(102.09215514727326)),(47684, np.float64(102.09215514727326))"
100080,100080,"(57441, np.float64(102.09215514727326)),(20518, np.float64(102.09215514727326)),(17833, np.float64(102.09215514727326)),(34425, np.float64(102.09215514727326)),(51564, np.float64(102.09215514727326)),(62141, np.float64(102.09215514727326)),(57928, np.float64(102.09215514727326)),(48641, np.float64(102.09215514727326)),(31965, np.float64(102.09215514727326)),(47684, np.float64(102.09215514727326))"
100618,100618,"(57441, np.float64(102.09215514727326)),(20518, np.float64(102.09215514727326)),(17833, np.float64(102.09215514727326)),(34425, np.float64(102.09215514727326)),(51564, np.float64(102.09215514727326)),(62141, np.float64(102.09215514727326)),(57928, np.float64(102.09215514727326)),(48641, np.float64(102.09215514727326)),(31965, np.float64(102.09215514727326)),(47684, np.float64(102.09215514727326))"
100818,100818,"(57441, np.float64(102.09215514727326)),(20518, np.float64(102.09215514727326)),(17833, np.float64(102.09215514727326)),(34425, np.float64(102.09215514727326)),(51564, np.float64(102.09215514727326)),(62141, np.float64(102.09215514727326)),(57928, np.float64(102.09215514727326)),(48641, np.float64(102.09215514727326)),(31965, np.float64(102.09215514727326)),(47684, np.float64(102.09215514727326))"
101349,101349,"(57441, np.float64(102.09215514727326)),(20518, np.float64(102.09215514727326)),(17833, np.float64(102.09215514727326)),(34425, np.float64(102.09215514727326)),(51564, np.float64(102.09215514727326)),(62141, np.float64(102.09215514727326)),(57928, np.float64(102.09215514727326)),(48641, np.float64(102.09215514727326)),(31965, np.float64(102.09215514727326)),(47684, np.float64(102.09215514727326))"
101532,101532,"(57441, np.float64(102.09215514727326)),(20518, np.float64(102.09215514727326)),(17833, np.float64(102.09215514727326)),(34425, np.float64(102.09215514727326)),(51564, np.float64(102.09215514727326)),(62141, np.float64(102.09215514727326)),(57928, np.float64(102.09215514727326)),(48641, np.float64(102.09215514727326)),(31965, np.float64(102.09215514727326)),(47684, np.float64(102.09215514727326))"
101930,101930,"(57441, np.float64(102.09215514727326)),(20518, np.float64(102.09215514727326)),(17833, np.float64(102.09215514727326)),(34425, np.float64(102.09215514727326)),(51564, np.float64(102.09215514727326)),(62141, np.float64(102.09215514727326)),(57928, np.float64(102.09215514727326)),(48641, np.float64(102.09215514727326)),(31965, np.float64(102.09215514727326)),(47684, np.float64(102.09215514727326))"
102104,102104,"(57441, np.float64(102.09215514727326)),(20518, np.float64(102.09215514727326)),(17833, np.float64(102.09215514727326)),(34425, np.float64(102.09215514727326)),(51564, np.float64(102.09215514727326)),(62141, np.float64(102.09215514727326)),(57928, np.float64(102.09215514727326)),(48641, np.float64(102.09215514727326)),(31965, np.float64(102.09215514727326)),(47684, np.float64(102.09215514727326))"
102348,102348,"(57441, np.float64(102.09215514727326)),(20518, np.float64(102.09215514727326)),(17833, np.float64(102.09215514727326)),(34425, np.float64(102.09215514727326)),(51564, np.float64(102.09215514727326)),(62141, np.float64(102.09215514727326)),(57928, np.float64(102.09215514727326)),(48641, np.float64(102.09215514727326)),(31965, np.float64(102.09215514727326)),(47684, np.float64(102.09215514727326))"
102429,102429,"(57441, np.float64(102.09215514727326)),(20518, np.float64(102.09215514727326)),(17833, np.float64(102.09215514727326)),(34425, np.float64(102.09215514727326)),(51564, np.float64(102.09215514727326)),(62141, np.float64(102.09215514727326)),(57928, np.float64(102.09215514727326)),(48641, np.float64(102.09215514727326)),(31965, np.float64(102.09215514727326)),(47684, np.float64(102.09215514727326))"
102474,102474,"(57441, np.float64(102.09215514727326)),(20518, np.float64(102.09215514727326)),(17833, np.float64(102.09215514727326)),(34425, np.float64(102.09215514727326)),(51564, np.float64(102.09215514727326)),(62141, np.float64(102.09215514727326)),(57928, np.float64(102.09215514727326)),(48641, np.float64(102.09215514727326)),(31965, np.float64(102.09215514727326)),(47684, np.float64(102.09215514727326))"
102537,102537,"(57441, np.float64(102.09215514727326)),(20518, np.float64(102.09215514727326)),(17833, np.float64(102.09215514727326)),(34425, np.float64(102.09215514727326)),(51564, np.float64(102.09215514727326)),(62141, np.float64(102.09215514727326)),(57928, np.float64(102.09215514727326)),(48641, np.float64(102.09215514727326)),(31965, np.float64(102.09215514727326)),(47684, np.float64(102.09215514727326))"
103711,103711,"(57441, np.float64(102.09215514727326)),(20518, np.float64(102.09215514727326)),(17833, np.float64(102.09215514727326)),(34425, np.float64(102.09215514727326)),(51564, np.float64(102.09215514727326)),(62141, np.float64(102.09215514727326)),(57928, np.float64(102.09215514727326)),(48641, np.float64(102.09215514727326)),(31965, np.float64(102.09215514727326)),(47684, np.float64(102.09215514727326))"
104296,104296,"(57441, np.float64(102.09215514727326)),(20518, np.float64(102.09215514727326)),(17833, np.float64(102.09215514727326)),(34425, np.float64(102.09215514727326)),(51564, np.float64(102.09215514727326)),(62141, np.float64(102.09215514727326)),(57928, np.float64(102.09215514727326)),(48641, np.float64(102.09215514727326)),(31965, np.float64(102.09215514727326)),(47684, np.float64(102.09215514727326))"
104453,104453,"(57441, np.float64(102.09215514727326)),(20518, np.float64(102.09215514727326)),(17833, np.float64(102.09215514727326)),(34425, np.float64(102.09215514727326)),(51564, np.float64(102.09215514727326)),(62141, np.float64(102.09215514727326)),(57928, np.float64(102.09215514727326)),(48641, np.float64(102.09215514727326)),(31965, np.float64(102.09215514727326)),(47684, np.float64(102.09215514727326))"
104839,104839,"(57441, np.float64(102.09215514727326)),(20518, np.float64(102.09215514727326)),(17833, np.float64(102.09215514727326)),(34425, np.float64(102.09215514727326)),(51564, np.float64(102.09215514727326)),(62141, np.float64(102.09215514727326)),(57928, np.float64(102.09215514727326)),(48641, np.float64(102.09215514727326)),(31965, np.float64(102.09215514727326)),(47684, np.float64(102.09215514727326))"
105141,105141,"(57441, np.float64(102.09215514727326)),(20518, np.float64(102.09215514727326)),(17833, np.float64(102.09215514727326)),(34425, np.float64(102.09215514727326)),(51564, np.float64(102.09215514727326)),(62141, np.float64(102.09215514727326)),(57928, np.float64(102.09215514727326)),(48641, np.float64(102.09215514727326)),(31965, np.float64(102.09215514727326)),(47684, np.float64(102.09215514727326))"
105842,105842,"(57441, np.float64(102.09215514727326)),(20518, np.float64(102.09215514727326)),(17833, np.float64(102.09215514727326)),(34425, np.float64(102.09215514727326)),(51564, np.float64(102.09215514727326)),(62141, np.float64(102.09215514727326)),(57928, np.float64(102.09215514727326)),(48641, np.float64(102.09215514727326)),(31965, np.float64(102.09215514727326)),(47684, np.float64(102.09215514727326))"
106123,106123,"(57441, np.float64(102.09215514727326)),(20518, np.float64(102.09215514727326)),(17833, np.float64(102.09215514727326)),(34425, np.float64(102.09215514727326)),(51564, np.float64(102.09215514727326)),(62141, np.float64(102.09215514727326)),(57928, np.float64(102.09215514727326)),(48641, np.float64(102.09215514727326)),(31965, np.float64(102.09215514727326)),(47684, np.float64(102.09215514727326))"
106970,106970,"(57441, np.float64(102.09215514727326)),(20518, np.float64(102.09215514727326)),(17833, np.float64(102.09215514727326)),(34425, np.float64(102.09215514727326)),(51564, np.float64(102.09215514727326)),(62141, np.float64(102.09215514727326)),(57928, np.float64(102.09215514727326)),(48641, np.float64(102.09215514727326)),(31965, np.float64(102.09215514727326)),(47684, np.float64(102.09215514727326))"
107046,107046,"(57441, np.float64(102.09215514727326)),(20518, np.float64(102.09215514727326)),(17833, np.float64(102.09215514727326)),(34425, np.float64(102.09215514727326)),(51564, np.float64(102.09215514727326)),(62141, np.float64(102.09215514727326)),(57928, np.float64(102.09215514727326)),(48641, np.float64(102.09215514727326)),(31965, np.float64(102.09215514727326)),(47684, np.float64(102.09215514727326))"
107652,107652,"(57441, np.float64(102.09215514727326)),(20518, np.float64(102.09215514727326)),(17833, np.float64(102.09215514727326)),(34425, np.float64(102.09215514727326)),(51564, np.float64(102.09215514727326)),(62141, np.float64(102.09215514727326)),(57928, np.float64(102.09215514727326)),(48641, np.float64(102.09215514727326)),(31965, np.float64(102.09215514727326)),(47684, np.float64(102.09215514727326))"
108273,108273,"(57441, np.float64(102.09215514727326)),(20518, np.float64(102.09215514727326)),(17833, np.float64(102.09215514727326)),(34425, np.float64(102.09215514727326)),(51564, np.float64(102.09215514727326)),(62141, np.float64(102.09215514727326)),(57928, np.float64(102.09215514727326)),(48641, np.float64(102.09215514727326)),(31965, np.float64(102.09215514727326)),(47684, np.float64(102.09215514727326))"
110248,110248,"(57441, np.float64(102.09215514727326)),(20518, np.float64(102.09215514727326)),(17833, np.float64(102.09215514727326)),(34425, np.float64(102.09215514727326)),(51564, np.float64(102.09215514727326)),(62141, np.float64(102.09215514727326)),(57928, np.float64(102.09215514727326)),(48641, np.float64(102.09215514727326)),(31965, np.float64(102.09215514727326)),(47684, np.float64(102.09215514727326))"
110795,110795,"(57441, np.float64(102.09215514727326)),(20518, np.float64(102.09215514727326)),(17833, np.float64(102.09215514727326)),(34425, np.float64(102.09215514727326)),(51564, np.float64(102.09215514727326)),(62141, np.float64(102.09215514727326)),(57928, np.float64(102.09215514727326)),(48641, np.float64(102.09215514727326)),(31965, np.float64(102.09215514727326)),(47684, np.float64(102.09215514727326))"
111479,111479,"(57441, np.float64(102.09215514727326)),(20518, np.float64(102.09215514727326)),(17833, np.float64(102.09215514727326)),(34425, np.float64(102.09215514727326)),(51564, np.float64(102.09215514727326)),(62141, np.float64(102.09215514727326)),(57928, np.float64(102.09215514727326)),(48641, np.float64(102.09215514727326)),(31965, np.float64(102.09215514727326)),(47684, np.float64(102.09215514727326))"
111654,111654,"(57441, np.float64(102.09215514727326)),(20518, np.float64(102.09215514727326)),(17833, np.float64(102.09215514727326)),(34425, np.float64(102.09215514727326)),(51564, np.float64(102.09215514727326)),(62141, np.float64(102.09215514727326)),(57928, np.float64(102.09215514727326)),(48641, np.float64(102.09215514727326)),(31965, np.float64(102.09215514727326)),(47684, np.float64(102.09215514727326))"
111722,111722,"(57441, np.float64(102.09215514727326)),(20518, np.float64(102.09215514727326)),(17833, np.float64(102.09215514727326)),(34425, np.float64(102.09215514727326)),(51564, np.float64(102.09215514727326)),(62141, np.float64(102.09215514727326)),(57928, np.float64(102.09215514727326)),(48641, np.float64(102.09215514727326)),(31965, np.float64(102.09215514727326)),(47684, np.float64(102.09215514727326))"
111790,111790,"(57441, np.float64(102.09215514727326)),(20518, np.float64(102.09215514727326)),(17833, np.float64(102.09215514727326)),(34425, np.float64(102.09215514727326)),(51564, np.float64(102.09215514727326)),(62141, np.float64(102.09215514727326)),(57928, np.float64(102.09215514727326)),(48641, np.float64(102.09215514727326)),(31965, np.float64(102.09215514727326)),(47684, np.float64(102.09215514727326))"
111837,111837,"(57441, np.float64(102.09215514727326)),(20518, np.float64(102.09215514727326)),(17833, np.float64(102.09215514727326)),(34425, np.float64(102.09215514727326)),(51564, np.float64(102.09215514727326)),(62141, np.float64(102.09215514727326)),(57928, np.float64(102.09215514727326)),(48641, np.float64(102.09215514727326)),(31965, np.float64(102.09215514727326)),(47684, np.float64(102.09215514727326))"
113994,113994,"(57441, np.float64(102.09215514727326)),(20518, np.float64(102.09215514727326)),(17833, np.float64(102.09215514727326)),(34425, np.float64(102.09215514727326)),(51564, np.float64(102.09215514727326)),(62141, np.float64(102.09215514727326)),(57928, np.float64(102.09215514727326)),(48641, np.float64(102.09215514727326)),(31965, np.float64(102.09215514727326)),(47684, np.float64(102.09215514727326))"
114390,114390,"(57441, np.float64(102.09215514727326)),(20518, np.float64(102.09215514727326)),(17833, np.float64(102.09215514727326)),(34425, np.float64(102.09215514727326)),(51564, np.float64(102.09215514727326)),(62141, np.float64(102.09215514727326)),(57928, np.float64(102.09215514727326)),(48641, np.float64(102.09215514727326)),(31965, np.float64(102.09215514727326)),(47684, np.float64(102.09215514727326))"
114710,114710,"(57441, np.float64(102.09215514727326)),(20518, np.float64(102.09215514727326)),(17833, np.float64(102.09215514727326)),(34425, np.float64(102.09215514727326)),(51564, np.float64(102.09215514727326)),(62141, np.float64(102.09215514727326)),(57928, np.float64(102.09215514727326)),(48641, np.float64(102.09215514727326)),(31965, np.float64(102.09215514727326)),(47684, np.float64(102.09215514727326))"
115118,115118,"(57441, np.float64(102.09215514727326)),(20518, np.float64(102.09215514727326)),(17833, np.float64(102.09215514727326)),(34425, np.float64(102.09215514727326)),(51564, np.float64(102.09215514727326)),(62141, np.float64(102.09215514727326)),(57928, np.float64(102.09215514727326)),(48641, np.float64(102.09215514727326)),(31965, np.float64(102.09215514727326)),(47684, np.float64(102.09215514727326))"
115383,115383,"34425,51564,62141,48641,47684,8412,14278,52851,47373,15092"
115632,115632,"(57441, np.float64(102.09215514727326)),(20518, np.float64(102.09215514727326)),(17833, np.float64(102.09215514727326)),(34425, np.float64(102.09215514727326)),(51564, np.float64(102.09215514727326)),(62141, np.float64(102.09215514727326)),(57928, np.float64(102.09215514727326)),(48641, np.float64(102.09215514727326)),(31965, np.float64(102.09215514727326)),(47684, np.float64(102.09215514727326))"
116097,116097,"(57441, np.float64(102.09215514727326)),(20518, np.float64(102.09215514727326)),(17833, np.float64(102.09215514727326)),(34425, np.float64(102.09215514727326)),(51564, np.float64(102.09215514727326)),(62141, np.float64(102.09215514727326)),(57928, np.float64(102.09215514727326)),(48641, np.float64(102.09215514727326)),(31965, np.float64(102.09215514727326)),(47684, np.float64(102.09215514727326))"
116376,116376,"(57441, np.float64(102.09215514727326)),(20518, np.float64(102.09215514727326)),(17833, np.float64(102.09215514727326)),(34425, np.float64(102.09215514727326)),(51564, np.float64(102.09215514727326)),(62141, np.float64(102.09215514727326)),(57928, np.float64(102.09215514727326)),(48641, np.float64(102.09215514727326)),(31965, np.float64(102.09215514727326)),(47684, np.float64(102.09215514727326))"
116877,116877,"(57441, np.float64(102.09215514727326)),(20518, np.float64(102.09215514727326)),(17833, np.float64(102.09215514727326)),(34425, np.float64(102.09215514727326)),(51564, np.float64(102.09215514727326)),(62141, np.float64(102.09215514727326)),(57928, np.float64(102.09215514727326)),(48641, np.float64(102.09215514727326)),(31965, np.float64(102.09215514727326)),(47684, np.float64(102.09215514727326))"
117701,117701,"(57441, np.float64(102.09215514727326)),(20518, np.float64(102.09215514727326)),(17833, np.float64(102.09215514727326)),(34425, np.float64(102.09215514727326)),(51564, np.float64(102.09215514727326)),(62141, np.float64(102.09215514727326)),(57928, np.float64(102.09215514727326)),(48641, np.float64(102.09215514727326)),(31965, np.float64(102.09215514727326)),(47684, np.float64(102.09215514727326))"
117877,117877,"(57441, np.float64(102.09215514727326)),(20518, np.float64(102.09215514727326)),(17833, np.float64(102.09215514727326)),(34425, np.float64(102.09215514727326)),(51564, np.float64(102.09215514727326)),(62141, np.float64(102.09215514727326)),(57928, np.float64(102.09215514727326)),(48641, np.float64(102.09215514727326)),(31965, np.float64(102.09215514727326)),(47684, np.float64(102.09215514727326))"
118306,118306,"(57441, np.float64(102.09215514727326)),(20518, np.float64(102.09215514727326)),(17833, np.float64(102.09215514727326)),(34425, np.float64(102.09215514727326)),(51564, np.float64(102.09215514727326)),(62141, np.float64(102.09215514727326)),(57928, np.float64(102.09215514727326)),(48641, np.float64(102.09215514727326)),(31965, np.float64(102.09215514727326)),(47684, np.float64(102.09215514727326))"
119947,119947,"(57441, np.float64(102.09215514727326)),(20518, np.float64(102.09215514727326)),(17833, np.float64(102.09215514727326)),(34425, np.float64(102.09215514727326)),(51564, np.float64(102.09215514727326)),(62141, np.float64(102.09215514727326)),(57928, np.float64(102.09215514727326)),(48641, np.float64(102.09215514727326)),(31965, np.float64(102.09215514727326)),(47684, np.float64(102.09215514727326))"
120017,120017,"(57441, np.float64(102.09215514727326)),(20518, np.float64(102.09215514727326)),(17833, np.float64(102.09215514727326)),(34425, np.float64(102.09215514727326)),(51564, np.float64(102.09215514727326)),(62141, np.float64(102.09215514727326)),(57928, np.float64(102.09215514727326)),(48641, np.float64(102.09215514727326)),(31965, np.float64(102.09215514727326)),(47684, np.float64(102.09215514727326))"
120921,120921,"(57441, np.float64(102.09215514727326)),(20518, np.float64(102.09215514727326)),(17833, np.float64(102.09215514727326)),(34425, np.float64(102.09215514727326)),(51564, np.float64(102.09215514727326)),(62141, np.float64(102.09215514727326)),(57928, np.float64(102.09215514727326)),(48641, np.float64(102.09215514727326)),(31965, np.float64(102.09215514727326)),(47684, np.float64(102.09215514727326))"
120925,120925,"(57441, np.float64(102.09215514727326)),(20518, np.float64(102.09215514727326)),(17833, np.float64(102.09215514727326)),(34425, np.float64(102.09215514727326)),(51564, np.float64(102.09215514727326)),(62141, np.float64(102.09215514727326)),(57928, np.float64(102.09215514727326)),(48641, np.float64(102.09215514727326)),(31965, np.float64(102.09215514727326)),(47684, np.float64(102.09215514727326))"
121414,121414,"20518,17833,34425,51564,62141,48641,47684,8412,44271,14278"
121713,121713,"20518,17833,34425,51564,62141,48641,47684,8412,44271,14278"
121834,121834,"(57441, np.float64(102.09215514727326)),(20518, np.float64(102.09215514727326)),(17833, np.float64(102.09215514727326)),(34425, np.float64(102.09215514727326)),(51564, np.float64(102.09215514727326)),(62141, np.float64(102.09215514727326)),(57928, np.float64(102.09215514727326)),(48641, np.float64(102.09215514727326)),(31965, np.float64(102.09215514727326)),(47684, np.float64(102.09215514727326))"
122563,122563,"(57441, np.float64(102.09215514727326)),(20518, np.float64(102.09215514727326)),(17833, np.float64(102.09215514727326)),(34425, np.float64(102.09215514727326)),(51564, np.float64(102.09215514727326)),(62141, np.float64(102.09215514727326)),(57928, np.float64(102.09215514727326)),(48641, np.float64(102.09215514727326)),(31965, np.float64(102.09215514727326)),(47684, np.float64(102.09215514727326))"
122654,122654,"(57441, np.float64(102.09215514727326)),(20518, np.float64(102.09215514727326)),(17833, np.float64(102.09215514727326)),(34425, np.float64(102.09215514727326)),(51564, np.float64(102.09215514727326)),(62141, np.float64(102.09215514727326)),(57928, np.float64(102.09215514727326)),(48641, np.float64(102.09215514727326)),(31965, np.float64(102.09215514727326)),(47684, np.float64(102.09215514727326))"
122904,122904,"(57441, np.float64(102.09215514727326)),(20518, np.float64(102.09215514727326)),(17833, np.float64(102.09215514727326)),(34425, np.float64(102.09215514727326)),(51564, np.float64(102.09215514727326)),(62141, np.float64(102.09215514727326)),(57928, np.float64(102.09215514727326)),(48641, np.float64(102.09215514727326)),(31965, np.float64(102.09215514727326)),(47684, np.float64(102.09215514727326))"
123506,123506,"(57441, np.float64(102.09215514727326)),(20518, np.float64(102.09215514727326)),(17833, np.float64(102.09215514727326)),(34425, np.float64(102.09215514727326)),(51564, np.float64(102.09215514727326)),(62141, np.float64(102.09215514727326)),(57928, np.float64(102.09215514727326)),(48641, np.float64(102.09215514727326)),(31965, np.float64(102.09215514727326)),(47684, np.float64(102.09215514727326))"
123529,123529,"(57441, np.float64(102.09215514727326)),(20518, np.float64(102.09215514727326)),(17833, np.float64(102.09215514727326)),(34425, np.float64(102.09215514727326)),(51564, np.float64(102.09215514727326)),(62141, np.float64(102.09215514727326)),(57928, np.float64(102.09215514727326)),(48641, np.float64(102.09215514727326)),(31965, np.float64(102.09215514727326)),(47684, np.float64(102.09215514727326))"
123594,123594,"(57441, np.float64(102.09215514727326)),(20518, np.float64(102.09215514727326)),(17833, np.float64(102.09215514727326)),(34425, np.float64(102.09215514727326)),(51564, np.float64(102.09215514727326)),(62141, np.float64(102.09215514727326)),(57928, np.float64(102.09215514727326)),(48641, np.float64(102.09215514727326)),(31965, np.float64(102.09215514727326)),(47684, np.float64(102.09215514727326))"
123741,123741,"20518,17833,34425,51564,62141,48641,47684,8412,44271,14278"
123837,123837,"20518,17833,34425,51564,62141,48641,47684,8412,44271,14278"
124619,124619,"(57441, np.float64(102.09215514727326)),(20518, np.float64(102.09215514727326)),(17833, np.float64(102.09215514727326)),(34425, np.float64(102.09215514727326)),(51564, np.float64(102.09215514727326)),(62141, np.float64(102.09215514727326)),(57928, np.float64(102.09215514727326)),(48641, np.float64(102.09215514727326)),(31965, np.float64(102.09215514727326)),(47684, np.float64(102.09215514727326))"
125374,125374,"(57441, np.float64(102.09215514727326)),(20518, np.float64(102.09215514727326)),(17833, np.float64(102.09215514727326)),(34425, np.float64(102.09215514727326)),(51564, np.float64(102.09215514727326)),(62141, np.float64(102.09215514727326)),(57928, np.float64(102.09215514727326)),(48641, np.float64(102.09215514727326)),(31965, np.float64(102.09215514727326)),(47684, np.float64(102.09215514727326))"
126040,126040,"(57441, np.float64(102.09215514727326)),(20518, np.float64(102.09215514727326)),(17833, np.float64(102.09215514727326)),(34425, np.float64(102.09215514727326)),(51564, np.float64(102.09215514727326)),(62141, np.float64(102.09215514727326)),(57928, np.float64(102.09215514727326)),(48641, np.float64(102.09215514727326)),(31965, np.float64(102.09215514727326)),(47684, np.float64(102.09215514727326))"
126230,126230,"(57441, np.float64(102.09215514727326)),(20518, np.float64(102.09215514727326)),(17833, np.float64(102.09215514727326)),(34425, np.float64(102.09215514727326)),(51564, np.float64(102.09215514727326)),(62141, np.float64(102.09215514727326)),(57928, np.float64(102.09215514727326)),(48641, np.float64(102.09215514727326)),(31965, np.float64(102.09215514727326)),(47684, np.float64(102.09215514727326))"
126384,126384,"(57441, np.float64(102.09215514727326)),(20518, np.float64(102.09215514727326)),(17833, np.float64(102.09215514727326)),(34425, np.float64(102.09215514727326)),(51564, np.float64(102.09215514727326)),(62141, np.float64(102.09215514727326)),(57928, np.float64(102.09215514727326)),(48641, np.float64(102.09215514727326)),(31965, np.float64(102.09215514727326)),(47684, np.float64(102.09215514727326))"
126503,126503,"(57441, np.float64(102.09215514727326)),(20518, np.float64(102.09215514727326)),(17833, np.float64(102.09215514727326)),(34425, np.float64(102.09215514727326)),(51564, np.float64(102.09215514727326)),(62141, np.float64(102.09215514727326)),(57928, np.float64(102.09215514727326)),(48641, np.float64(102.09215514727326)),(31965, np.float64(102.09215514727326)),(47684, np.float64(102.09215514727326))"
126834,126834,"(57441, np.float64(102.09215514727326)),(20518, np.float64(102.09215514727326)),(17833, np.float64(102.09215514727326)),(34425, np.float64(102.09215514727326)),(51564, np.float64(102.09215514727326)),(62141, np.float64(102.09215514727326)),(57928, np.float64(102.09215514727326)),(48641, np.float64(102.09215514727326)),(31965, np.float64(102.09215514727326)),(47684, np.float64(102.09215514727326))"
126953,126953,"(57441, np.float64(102.09215514727326)),(20518, np.float64(102.09215514727326)),(17833, np.float64(102.09215514727326)),(34425, np.float64(102.09215514727326)),(51564, np.float64(102.09215514727326)),(62141, np.float64(102.09215514727326)),(57928, np.float64(102.09215514727326)),(48641, np.float64(102.09215514727326)),(31965, np.float64(102.09215514727326)),(47684, np.float64(102.09215514727326))"
127263,127263,"(57441, np.float64(102.09215514727326)),(20518, np.float64(102.09215514727326)),(17833, np.float64(102.09215514727326)),(34425, np.float64(102.09215514727326)),(51564, np.float64(102.09215514727326)),(62141, np.float64(102.09215514727326)),(57928, np.float64(102.09215514727326)),(48641, np.float64(102.09215514727326)),(31965, np.float64(102.09215514727326)),(47684, np.float64(102.09215514727326))"
127523,127523,"(57441, np.float64(102.09215514727326)),(20518, np.float64(102.09215514727326)),(17833, np.float64(102.09215514727326)),(34425, np.float64(102.09215514727326)),(51564, np.float64(102.09215514727326)),(62141, np.float64(102.09215514727326)),(57928, np.float64(102.09215514727326)),(48641, np.float64(102.09215514727326)),(31965, np.float64(102.09215514727326)),(47684, np.float64(102.09215514727326))"
127603,127603,"(57441, np.float64(102.09215514727326)),(20518, np.float64(102.09215514727326)),(17833, np.float64(102.09215514727326)),(34425, np.float64(102.09215514727326)),(51564, np.float64(102.09215514727326)),(62141, np.float64(102.09215514727326)),(57928, np.float64(102.09215514727326)),(48641, np.float64(102.09215514727326)),(31965, np.float64(102.09215514727326)),(47684, np.float64(102.09215514727326))"
128097,128097,"(57441, np.float64(102.09215514727326)),(20518, np.float64(102.09215514727326)),(17833, np.float64(102.09215514727326)),(34425, np.float64(102.09215514727326)),(51564, np.float64(102.09215514727326)),(62141, np.float64(102.09215514727326)),(57928, np.float64(102.09215514727326)),(48641, np.float64(102.09215514727326)),(31965, np.float64(102.09215514727326)),(47684, np.float64(102.09215514727326))"
128252,128252,"(57441, np.float64(102.09215514727326)),(20518, np.float64(102.09215514727326)),(17833, np.float64(102.09215514727326)),(34425, np.float64(102.09215514727326)),(51564, np.float64(102.09215514727326)),(62141, np.float64(102.09215514727326)),(57928, np.float64(102.09215514727326)),(48641, np.float64(102.09215514727326)),(31965, np.float64(102.09215514727326)),(47684, np.float64(102.09215514727326))"
128342,128342,"(57441, np.float64(102.09215514727326)),(20518, np.float64(102.09215514727326)),(17833, np.float64(102.09215514727326)),(34425, np.float64(102.09215514727326)),(51564, np.float64(102.09215514727326)),(62141, np.float64(102.09215514727326)),(57928, np.float64(102.09215514727326)),(48641, np.float64(102.09215514727326)),(31965, np.float64(102.09215514727326)),(47684, np.float64(102.09215514727326))"
128780,128780,"(57441, np.float64(102.09215514727326)),(20518, np.float64(102.09215514727326)),(17833, np.float64(102.09215514727326)),(34425, np.float64(102.09215514727326)),(51564, np.float64(102.09215514727326)),(62141, np.float64(102.09215514727326)),(57928, np.float64(102.09215514727326)),(48641, np.float64(102.09215514727326)),(31965, np.float64(102.09215514727326)),(47684, np.float64(102.09215514727326))"
129382,129382,"(57441, np.float64(102.09215514727326)),(20518, np.float64(102.09215514727326)),(17833, np.float64(102.09215514727326)),(34425, np.float64(102.09215514727326)),(51564, np.float64(102.09215514727326)),(62141, np.float64(102.09215514727326)),(57928, np.float64(102.09215514727326)),(48641, np.float64(102.09215514727326)),(31965, np.float64(102.09215514727326)),(47684, np.float64(102.09215514727326))"
129407,129407,"(57441, np.float64(102.09215514727326)),(20518, np.float64(102.09215514727326)),(17833, np.float64(102.09215514727326)),(34425, np.float64(102.09215514727326)),(51564, np.float64(102.09215514727326)),(62141, np.float64(102.09215514727326)),(57928, np.float64(102.09215514727326)),(48641, np.float64(102.09215514727326)),(31965, np.float64(102.09215514727326)),(47684, np.float64(102.09215514727326))"
129518,129518,"(57441, np.float64(102.09215514727326)),(20518, np.float64(102.09215514727326)),(17833, np.float64(102.09215514727326)),(34425, np.float64(102.09215514727326)),(51564, np.float64(102.09215514727326)),(62141, np.float64(102.09215514727326)),(57928, np.float64(102.09215514727326)),(48641, np.float64(102.09215514727326)),(31965, np.float64(102.09215514727326)),(47684, np.float64(102.09215514727326))"
129805,129805,"(57441, np.float64(102.09215514727326)),(20518, np.float64(102.09215514727326)),(17833, np.float64(102.09215514727326)),(34425, np.float64(102.09215514727326)),(51564, np.float64(102.09215514727326)),(62141, np.float64(102.09215514727326)),(57928, np.float64(102.09215514727326)),(48641, np.float64(102.09215514727326)),(31965, np.float64(102.09215514727326)),(47684, np.float64(102.09215514727326))"
129984,129984,"(57441, np.float64(102.09215514727326)),(20518, np.float64(102.09215514727326)),(17833, np.float64(102.09215514727326)),(34425, np.float64(102.09215514727326)),(51564, np.float64(102.09215514727326)),(62141, np.float64(102.09215514727326)),(57928, np.float64(102.09215514727326)),(48641, np.float64(102.09215514727326)),(31965, np.float64(102.09215514727326)),(47684, np.float64(102.09215514727326))"
130109,130109,"(57441, np.float64(102.09215514727326)),(20518, np.float64(102.09215514727326)),(17833, np.float64(102.09215514727326)),(34425, np.float64(102.09215514727326)),(51564, np.float64(102.09215514727326)),(62141, np.float64(102.09215514727326)),(57928, np.float64(102.09215514727326)),(48641, np.float64(102.09215514727326)),(31965, np.float64(102.09215514727326)),(47684, np.float64(102.09215514727326))"
130564,130564,"20518,17833,34425,51564,62141,48641,47684,8412,44271,14278"
131209,131209,"(57441, np.float64(102.09215514727326)),(20518, np.float64(102.09215514727326)),(17833, np.float64(102.09215514727326)),(34425, np.float64(102.09215514727326)),(51564, np.float64(102.09215514727326)),(62141, np.float64(102.09215514727326)),(57928, np.float64(102.09215514727326)),(48641, np.float64(102.09215514727326)),(31965, np.float64(102.09215514727326)),(47684, np.float64(102.09215514727326))"
131381,131381,"(57441, np.float64(102.09215514727326)),(20518, np.float64(102.09215514727326)),(17833, np.float64(102.09215514727326)),(34425, np.float64(102.09215514727326)),(51564, np.float64(102.09215514727326)),(62141, np.float64(102.09215514727326)),(57928, np.float64(102.09215514727326)),(48641, np.float64(102.09215514727326)),(31965, np.float64(102.09215514727326)),(47684, np.float64(102.09215514727326))"
131399,131399,"(57441, np.float64(102.09215514727326)),(20518, np.float64(102.09215514727326)),(17833, np.float64(102.09215514727326)),(34425, np.float64(102.09215514727326)),(51564, np.float64(102.09215514727326)),(62141, np.float64(102.09215514727326)),(57928, np.float64(102.09215514727326)),(48641, np.float64(102.09215514727326)),(31965, np.float64(102.09215514727326)),(47684, np.float64(102.09215514727326))"
131420,131420,"(57441, np.float64(102.09215514727326)),(20518, np.float64(102.09215514727326)),(17833, np.float64(102.09215514727326)),(34425, np.float64(102.09215514727326)),(51564, np.float64(102.09215514727326)),(62141, np.float64(102.09215514727326)),(57928, np.float64(102.09215514727326)),(48641, np.float64(102.09215514727326)),(31965, np.float64(102.09215514727326)),(47684, np.float64(102.09215514727326))"
132025,132025,"(57441, np.float64(102.09215514727326)),(20518, np.float64(102.09215514727326)),(17833, np.float64(102.09215514727326)),(34425, np.float64(102.09215514727326)),(51564, np.float64(102.09215514727326)),(62141, np.float64(102.09215514727326)),(57928, np.float64(102.09215514727326)),(48641, np.float64(102.09215514727326)),(31965, np.float64(102.09215514727326)),(47684, np.float64(102.09215514727326))"
132684,132684,"(57441, np.float64(102.09215514727326)),(20518, np.float64(102.09215514727326)),(17833, np.float64(102.09215514727326)),(34425, np.float64(102.09215514727326)),(51564, np.float64(102.09215514727326)),(62141, np.float64(102.09215514727326)),(57928, np.float64(102.09215514727326)),(48641, np.float64(102.09215514727326)),(31965, np.float64(102.09215514727326)),(47684, np.float64(102.09215514727326))"
134137,134137,"(57441, np.float64(102.09215514727326)),(20518, np.float64(102.09215514727326)),(17833, np.float64(102.09215514727326)),(34425, np.float64(102.09215514727326)),(51564, np.float64(102.09215514727326)),(62141, np.float64(102.09215514727326)),(57928, np.float64(102.09215514727326)),(48641, np.float64(102.09215514727326)),(31965, np.float64(102.09215514727326)),(47684, np.float64(102.09215514727326))"
135250,135250,"(57441, np.float64(102.09215514727326)),(20518, np.float64(102.09215514727326)),(17833, np.float64(102.09215514727326)),(34425, np.float64(102.09215514727326)),(51564, np.float64(102.09215514727326)),(62141, np.float64(102.09215514727326)),(57928, np.float64(102.09215514727326)),(48641, np.float64(102.09215514727326)),(31965, np.float64(102.09215514727326)),(47684, np.float64(102.09215514727326))"
136131,136131,"(57441, np.float64(102.09215514727326)),(20518, np.float64(102.09215514727326)),(17833, np.float64(102.09215514727326)),(34425, np.float64(102.09215514727326)),(51564, np.float64(102.09215514727326)),(62141, np.float64(102.09215514727326)),(57928, np.float64(102.09215514727326)),(48641, np.float64(102.09215514727326)),(31965, np.float64(102.09215514727326)),(47684, np.float64(102.09215514727326))"
136184,136184,"(57441, np.float64(102.09215514727326)),(20518, np.float64(102.09215514727326)),(17833, np.float64(102.09215514727326)),(34425, np.float64(102.09215514727326)),(51564, np.float64(102.09215514727326)),(62141, np.float64(102.09215514727326)),(57928, np.float64(102.09215514727326)),(48641, np.float64(102.09215514727326)),(31965, np.float64(102.09215514727326)),(47684, np.float64(102.09215514727326))"
136493,136493,"(57441, np.float64(102.09215514727326)),(20518, np.float64(102.09215514727326)),(17833, np.float64(102.09215514727326)),(34425, np.float64(102.09215514727326)),(51564, np.float64(102.09215514727326)),(62141, np.float64(102.09215514727326)),(57928, np.float64(102.09215514727326)),(48641, np.float64(102.09215514727326)),(31965, np.float64(102.09215514727326)),(47684, np.float64(102.09215514727326))"
137494,137494,"(57441, np.float64(102.09215514727326)),(20518, np.float64(102.09215514727326)),(17833, np.float64(102.09215514727326)),(34425, np.float64(102.09215514727326)),(51564, np.float64(102.09215514727326)),(62141, np.float64(102.09215514727326)),(57928, np.float64(102.09215514727326)),(48641, np.float64(102.09215514727326)),(31965, np.float64(102.09215514727326)),(47684, np.float64(102.09215514727326))"
137608,137608,"(57441, np.float64(102.09215514727326)),(20518, np.float64(102.09215514727326)),(17833, np.float64(102.09215514727326)),(34425, np.float64(102.09215514727326)),(51564, np.float64(102.09215514727326)),(62141, np.float64(102.09215514727326)),(57928, np.float64(102.09215514727326)),(48641, np.float64(102.09215514727326)),(31965, np.float64(102.09215514727326)),(47684, np.float64(102.09215514727326))"
137640,137640,"(57441, np.float64(102.09215514727326)),(20518, np.float64(102.09215514727326)),(17833, np.float64(102.09215514727326)),(34425, np.float64(102.09215514727326)),(51564, np.float64(102.09215514727326)),(62141, np.float64(102.09215514727326)),(57928, np.float64(102.09215514727326)),(48641, np.float64(102.09215514727326)),(31965, np.float64(102.09215514727326)),(47684, np.float64(102.09215514727326))"
138333,138333,"(57441, np.float64(102.09215514727326)),(20518, np.float64(102.09215514727326)),(17833, np.float64(102.09215514727326)),(34425, np.float64(102.09215514727326)),(51564, np.float64(102.09215514727326)),(62141, np.float64(102.09215514727326)),(57928, np.float64(102.09215514727326)),(48641, np.float64(102.09215514727326)),(31965, np.float64(102.09215514727326)),(47684, np.float64(102.09215514727326))"
138391,138391,"(57441, np.float64(102.09215514727326)),(20518, np.float64(102.09215514727326)),(17833, np.float64(102.09215514727326)),(34425, np.float64(102.09215514727326)),(51564, np.float64(102.09215514727326)),(62141, np.float64(102.09215514727326)),(57928, np.float64(102.09215514727326)),(48641, np.float64(102.09215514727326)),(31965, np.float64(102.09215514727326)),(47684, np.float64(102.09215514727326))"
140375,140375,"(57441, np.float64(102.09215514727326)),(20518, np.float64(102.09215514727326)),(17833, np.float64(102.09215514727326)),(34425, np.float64(102.09215514727326)),(51564, np.float64(102.09215514727326)),(62141, np.float64(102.09215514727326)),(57928, np.float64(102.09215514727326)),(48641, np.float64(102.09215514727326)),(31965, np.float64(102.09215514727326)),(47684, np.float64(102.09215514727326))"
140415,140415,"(57441, np.float64(102.09215514727326)),(20518, np.float64(102.09215514727326)),(17833, np.float64(102.09215514727326)),(34425, np.float64(102.09215514727326)),(51564, np.float64(102.09215514727326)),(62141, np.float64(102.09215514727326)),(57928, np.float64(102.09215514727326)),(48641, np.float64(102.09215514727326)),(31965, np.float64(102.09215514727326)),(47684, np.float64(102.09215514727326))"
140441,140441,"(57441, np.float64(102.09215514727326)),(20518, np.float64(102.09215514727326)),(17833, np.float64(102.09215514727326)),(34425, np.float64(102.09215514727326)),(51564, np.float64(102.09215514727326)),(62141, np.float64(102.09215514727326)),(57928, np.float64(102.09215514727326)),(48641, np.float64(102.09215514727326)),(31965, np.float64(102.09215514727326)),(47684, np.float64(102.09215514727326))"
140729,140729,"(57441, np.float64(102.09215514727326)),(20518, np.float64(102.09215514727326)),(17833, np.float64(102.09215514727326)),(34425, np.float64(102.09215514727326)),(51564, np.float64(102.09215514727326)),(62141, np.float64(102.09215514727326)),(57928, np.float64(102.09215514727326)),(48641, np.float64(102.09215514727326)),(31965, np.float64(102.09215514727326)),(47684, np.float64(102.09215514727326))"
140953,140953,"(57441, np.float64(102.09215514727326)),(20518, np.float64(102.09215514727326)),(17833, np.float64(102.09215514727326)),(34425, np.float64(102.09215514727326)),(51564, np.float64(102.09215514727326)),(62141, np.float64(102.09215514727326)),(57928, np.float64(102.09215514727326)),(48641, np.float64(102.09215514727326)),(31965, np.float64(102.09215514727326)),(47684, np.float64(102.09215514727326))"
141278,141278,"(57441, np.float64(102.09215514727326)),(20518, np.float64(102.09215514727326)),(17833, np.float64(102.09215514727326)),(34425, np.float64(102.09215514727326)),(51564, np.float64(102.09215514727326)),(62141, np.float64(102.09215514727326)),(57928, np.float64(102.09215514727326)),(48641, np.float64(102.09215514727326)),(31965, np.float64(102.09215514727326)),(47684, np.float64(102.09215514727326))"
141580,141580,"(57441, np.float64(102.09215514727326)),(20518, np.float64(102.09215514727326)),(17833, np.float64(102.09215514727326)),(34425, np.float64(102.09215514727326)),(51564, np.float64(102.09215514727326)),(62141, np.float64(102.09215514727326)),(57928, np.float64(102.09215514727326)),(48641, np.float64(102.09215514727326)),(31965, np.float64(102.09215514727326)),(47684, np.float64(102.09215514727326))"
141666,141666,"(57441, np.float64(102.09215514727326)),(20518, np.float64(102.09215514727326)),(17833, np.float64(102.09215514727326)),(34425, np.float64(102.09215514727326)),(51564, np.float64(102.09215514727326)),(62141, np.float64(102.09215514727326)),(57928, np.float64(102.09215514727326)),(48641, np.float64(102.09215514727326)),(31965, np.float64(102.09215514727326)),(47684, np.float64(102.09215514727326))"
141804,141804,"(57441, np.float64(102.09215514727326)),(20518, np.float64(102.09215514727326)),(17833, np.float64(102.09215514727326)),(34425, np.float64(102.09215514727326)),(51564, np.float64(102.09215514727326)),(62141, np.float64(102.09215514727326)),(57928, np.float64(102.09215514727326)),(48641, np.float64(102.09215514727326)),(31965, np.float64(102.09215514727326)),(47684, np.float64(102.09215514727326))"
141979,141979,"(57441, np.float64(102.09215514727326)),(20518, np.float64(102.09215514727326)),(17833, np.float64(102.09215514727326)),(34425, np.float64(102.09215514727326)),(51564, np.float64(102.09215514727326)),(62141, np.float64(102.09215514727326)),(57928, np.float64(102.09215514727326)),(48641, np.float64(102.09215514727326)),(31965, np.float64(102.09215514727326)),(47684, np.float64(102.09215514727326))"
142189,142189,"(57441, np.float64(102.09215514727326)),(20518, np.float64(102.09215514727326)),(17833, np.float64(102.09215514727326)),(34425, np.float64(102.09215514727326)),(51564, np.float64(102.09215514727326)),(62141, np.float64(102.09215514727326)),(57928, np.float64(102.09215514727326)),(48641, np.float64(102.09215514727326)),(31965, np.float64(102.09215514727326)),(47684, np.float64(102.09215514727326))"
144165,144165,"(57441, np.float64(102.09215514727326)),(20518, np.float64(102.09215514727326)),(17833, np.float64(102.09215514727326)),(34425, np.float64(102.09215514727326)),(51564, np.float64(102.09215514727326)),(62141, np.float64(102.09215514727326)),(57928, np.float64(102.09215514727326)),(48641, np.float64(102.09215514727326)),(31965, np.float64(102.09215514727326)),(47684, np.float64(102.09215514727326))"
144455,144455,"(57441, np.float64(102.09215514727326)),(20518, np.float64(102.09215514727326)),(17833, np.float64(102.09215514727326)),(34425, np.float64(102.09215514727326)),(51564, np.float64(102.09215514727326)),(62141, np.float64(102.09215514727326)),(57928, np.float64(102.09215514727326)),(48641, np.float64(102.09215514727326)),(31965, np.float64(102.09215514727326)),(47684, np.float64(102.09215514727326))"
144858,144858,"(57441, np.float64(102.09215514727326)),(20518, np.float64(102.09215514727326)),(17833, np.float64(102.09215514727326)),(34425, np.float64(102.09215514727326)),(51564, np.float64(102.09215514727326)),(62141, np.float64(102.09215514727326)),(57928, np.float64(102.09215514727326)),(48641, np.float64(102.09215514727326)),(31965, np.float64(102.09215514727326)),(47684, np.float64(102.09215514727326))"
145267,145267,"(57441, np.float64(102.09215514727326)),(20518, np.float64(102.09215514727326)),(17833, np.float64(102.09215514727326)),(34425, np.float64(102.09215514727326)),(51564, np.float64(102.09215514727326)),(62141, np.float64(102.09215514727326)),(57928, np.float64(102.09215514727326)),(48641, np.float64(102.09215514727326)),(31965, np.float64(102.09215514727326)),(47684, np.float64(102.09215514727326))"
145446,145446,"(57441, np.float64(102.09215514727326)),(20518, np.float64(102.09215514727326)),(17833, np.float64(102.09215514727326)),(34425, np.float64(102.09215514727326)),(51564, np.float64(102.09215514727326)),(62141, np.float64(102.09215514727326)),(57928, np.float64(102.09215514727326)),(48641, np.float64(102.09215514727326)),(31965, np.float64(102.09215514727326)),(47684, np.float64(102.09215514727326))"
145492,145492,"(57441, np.float64(102.09215514727326)),(20518, np.float64(102.09215514727326)),(17833, np.float64(102.09215514727326)),(34425, np.float64(102.09215514727326)),(51564, np.float64(102.09215514727326)),(62141, np.float64(102.09215514727326)),(57928, np.float64(102.09215514727326)),(48641, np.float64(102.09215514727326)),(31965, np.float64(102.09215514727326)),(47684, np.float64(102.09215514727326))"
146338,146338,"(57441, np.float64(102.09215514727326)),(20518, np.float64(102.09215514727326)),(17833, np.float64(102.09215514727326)),(34425, np.float64(102.09215514727326)),(51564, np.float64(102.09215514727326)),(62141, np.float64(102.09215514727326)),(57928, np.float64(102.09215514727326)),(48641, np.float64(102.09215514727326)),(31965, np.float64(102.09215514727326)),(47684, np.float64(102.09215514727326))"
146611,146611,"(57441, np.float64(102.09215514727326)),(20518, np.float64(102.09215514727326)),(17833, np.float64(102.09215514727326)),(34425, np.float64(102.09215514727326)),(51564, np.float64(102.09215514727326)),(62141, np.float64(102.09215514727326)),(57928, np.float64(102.09215514727326)),(48641, np.float64(102.09215514727326)),(31965, np.float64(102.09215514727326)),(47684, np.float64(102.09215514727326))"
147295,147295,"(57441, np.float64(102.09215514727326)),(20518, np.float64(102.09215514727326)),(17833, np.float64(102.09215514727326)),(34425, np.float64(102.09215514727326)),(51564, np.float64(102.09215514727326)),(62141, np.float64(102.09215514727326)),(57928, np.float64(102.09215514727326)),(48641, np.float64(102.09215514727326)),(31965, np.float64(102.09215514727326)),(47684, np.float64(102.09215514727326))"
147486,147486,"(57441, np.float64(102.09215514727326)),(20518, np.float64(102.09215514727326)),(17833, np.float64(102.09215514727326)),(34425, np.float64(102.09215514727326)),(51564, np.float64(102.09215514727326)),(62141, np.float64(102.09215514727326)),(57928, np.float64(102.09215514727326)),(48641, np.float64(102.09215514727326)),(31965, np.float64(102.09215514727326)),(47684, np.float64(102.09215514727326))"
147835,147835,"(57441, np.float64(102.09215514727326)),(20518, np.float64(102.09215514727326)),(17833, np.float64(102.09215514727326)),(34425, np.float64(102.09215514727326)),(51564, np.float64(102.09215514727326)),(62141, np.float64(102.09215514727326)),(57928, np.float64(102.09215514727326)),(48641, np.float64(102.09215514727326)),(31965, np.float64(102.09215514727326)),(47684, np.float64(102.09215514727326))"
147904,147904,"(57441, np.float64(102.09215514727326)),(20518, np.float64(102.09215514727326)),(17833, np.float64(102.09215514727326)),(34425, np.float64(102.09215514727326)),(51564, np.float64(102.09215514727326)),(62141, np.float64(102.09215514727326)),(57928, np.float64(102.09215514727326)),(48641, np.float64(102.09215514727326)),(31965, np.float64(102.09215514727326)),(47684, np.float64(102.09215514727326))"
148048,148048,"(57441, np.float64(102.09215514727326)),(20518, np.float64(102.09215514727326)),(17833, np.float64(102.09215514727326)),(34425, np.float64(102.09215514727326)),(51564, np.float64(102.09215514727326)),(62141, np.float64(102.09215514727326)),(57928, np.float64(102.09215514727326)),(48641, np.float64(102.09215514727326)),(31965, np.float64(102.09215514727326)),(47684, np.float64(102.09215514727326))"
148208,148208,"20518,17833,34425,51564,62141,48641,47684,8412,44271,14278"
148415,148415,"(57441, np.float64(102.09215514727326)),(20518, np.float64(102.09215514727326)),(17833, np.float64(102.09215514727326)),(34425, np.float64(102.09215514727326)),(51564, np.float64(102.09215514727326)),(62141, np.float64(102.09215514727326)),(57928, np.float64(102.09215514727326)),(48641, np.float64(102.09215514727326)),(31965, np.float64(102.09215514727326)),(47684, np.float64(102.09215514727326))"
149673,149673,"(57441, np.float64(102.09215514727326)),(20518, np.float64(102.09215514727326)),(17833, np.float64(102.09215514727326)),(34425, np.float64(102.09215514727326)),(51564, np.float64(102.09215514727326)),(62141, np.float64(102.09215514727326)),(57928, np.float64(102.09215514727326)),(48641, np.float64(102.09215514727326)),(31965, np.float64(102.09215514727326)),(47684, np.float64(102.09215514727326))"
149731,149731,"(57441, np.float64(102.09215514727326)),(20518, np.float64(102.09215514727326)),(17833, np.float64(102.09215514727326)),(34425, np.float64(102.09215514727326)),(51564, np.float64(102.09215514727326)),(62141, np.float64(102.09215514727326)),(57928, np.float64(102.09215514727326)),(48641, np.float64(102.09215514727326)),(31965, np.float64(102.09215514727326)),(47684, np.float64(102.09215514727326))"
149837,149837,"(57441, np.float64(102.09215514727326)),(20518, np.float64(102.09215514727326)),(17833, np.float64(102.09215514727326)),(34425, np.float64(102.09215514727326)),(51564, np.float64(102.09215514727326)),(62141, np.float64(102.09215514727326)),(57928, np.float64(102.09215514727326)),(48641, np.float64(102.09215514727326)),(31965, np.float64(102.09215514727326)),(47684, np.float64(102.09215514727326))"
149937,149937,"(57441, np.float64(102.09215514727326)),(20518, np.float64(102.09215514727326)),(17833, np.float64(102.09215514727326)),(34425, np.float64(102.09215514727326)),(51564, np.float64(102.09215514727326)),(62141, np.float64(102.09215514727326)),(57928, np.float64(102.09215514727326)),(48641, np.float64(102.09215514727326)),(31965, np.float64(102.09215514727326)),(47684, np.float64(102.09215514727326))"
150163,150163,"(57441, np.float64(102.09215514727326)),(20518, np.float64(102.09215514727326)),(17833, np.float64(102.09215514727326)),(34425, np.float64(102.09215514727326)),(51564, np.float64(102.09215514727326)),(62141, np.float64(102.09215514727326)),(57928, np.float64(102.09215514727326)),(48641, np.float64(102.09215514727326)),(31965, np.float64(102.09215514727326)),(47684, np.float64(102.09215514727326))"
150503,150503,"(57441, np.float64(102.09215514727326)),(20518, np.float64(102.09215514727326)),(17833, np.float64(102.09215514727326)),(34425, np.float64(102.09215514727326)),(51564, np.float64(102.09215514727326)),(62141, np.float64(102.09215514727326)),(57928, np.float64(102.09215514727326)),(48641, np.float64(102.09215514727326)),(31965, np.float64(102.09215514727326)),(47684, np.float64(102.09215514727326))"
150636,150636,"(57441, np.float64(102.09215514727326)),(20518, np.float64(102.09215514727326)),(17833, np.float64(102.09215514727326)),(34425, np.float64(102.09215514727326)),(51564, np.float64(102.09215514727326)),(62141, np.float64(102.09215514727326)),(57928, np.float64(102.09215514727326)),(48641, np.float64(102.09215514727326)),(31965, np.float64(102.09215514727326)),(47684, np.float64(102.09215514727326))"
150789,150789,"(57441, np.float64(102.09215514727326)),(20518, np.float64(102.09215514727326)),(17833, np.float64(102.09215514727326)),(34425, np.float64(102.09215514727326)),(51564, np.float64(102.09215514727326)),(62141, np.float64(102.09215514727326)),(57928, np.float64(102.09215514727326)),(48641, np.float64(102.09215514727326)),(31965, np.float64(102.09215514727326)),(47684, np.float64(102.09215514727326))"
151231,151231,"(57441, np.float64(102.09215514727326)),(20518, np.float64(102.09215514727326)),(17833, np.float64(102.09215514727326)),(34425, np.float64(102.09215514727326)),(51564, np.float64(102.09215514727326)),(62141, np.float64(102.09215514727326)),(57928, np.float64(102.09215514727326)),(48641, np.float64(102.09215514727326)),(31965, np.float64(102.09215514727326)),(47684, np.float64(102.09215514727326))"
152241,152241,"(57441, np.float64(102.09215514727326)),(20518, np.float64(102.09215514727326)),(17833, np.float64(102.09215514727326)),(34425, np.float64(102.09215514727326)),(51564, np.float64(102.09215514727326)),(62141, np.float64(102.09215514727326)),(57928, np.float64(102.09215514727326)),(48641, np.float64(102.09215514727326)),(31965, np.float64(102.09215514727326)),(47684, np.float64(102.09215514727326))"
152937,152937,"(57441, np.float64(102.09215514727326)),(20518, np.float64(102.09215514727326)),(17833, np.float64(102.09215514727326)),(34425, np.float64(102.09215514727326)),(51564, np.float64(102.09215514727326)),(62141, np.float64(102.09215514727326)),(57928, np.float64(102.09215514727326)),(48641, np.float64(102.09215514727326)),(31965, np.float64(102.09215514727326)),(47684, np.float64(102.09215514727326))"
153074,153074,"(57441, np.float64(102.09215514727326)),(20518, np.float64(102.09215514727326)),(17833, np.float64(102.09215514727326)),(34425, np.float64(102.09215514727326)),(51564, np.float64(102.09215514727326)),(62141, np.float64(102.09215514727326)),(57928, np.float64(102.09215514727326)),(48641, np.float64(102.09215514727326)),(31965, np.float64(102.09215514727326)),(47684, np.float64(102.09215514727326))"
153464,153464,"(57441, np.float64(102.09215514727326)),(20518, np.float64(102.09215514727326)),(17833, np.float64(102.09215514727326)),(34425, np.float64(102.09215514727326)),(51564, np.float64(102.09215514727326)),(62141, np.float64(102.09215514727326)),(57928, np.float64(102.09215514727326)),(48641, np.float64(102.09215514727326)),(31965, np.float64(102.09215514727326)),(47684, np.float64(102.09215514727326))"
153963,153963,"(57441, np.float64(102.09215514727326)),(20518, np.float64(102.09215514727326)),(17833, np.float64(102.09215514727326)),(34425, np.float64(102.09215514727326)),(51564, np.float64(102.09215514727326)),(62141, np.float64(102.09215514727326)),(57928, np.float64(102.09215514727326)),(48641, np.float64(102.09215514727326)),(31965, np.float64(102.09215514727326)),(47684, np.float64(102.09215514727326))"
154068,154068,"(57441, np.float64(102.09215514727326)),(20518, np.float64(102.09215514727326)),(17833, np.float64(102.09215514727326)),(34425, np.float64(102.09215514727326)),(51564, np.float64(102.09215514727326)),(62141, np.float64(102.09215514727326)),(57928, np.float64(102.09215514727326)),(48641, np.float64(102.09215514727326)),(31965, np.float64(102.09215514727326)),(47684, np.float64(102.09215514727326))"
154092,154092,"(57441, np.float64(102.09215514727326)),(20518, np.float64(102.09215514727326)),(17833, np.float64(102.09215514727326)),(34425, np.float64(102.09215514727326)),(51564, np.float64(102.09215514727326)),(62141, np.float64(102.09215514727326)),(57928, np.float64(102.09215514727326)),(48641, np.float64(102.09215514727326)),(31965, np.float64(102.09215514727326)),(47684, np.float64(102.09215514727326))"
154424,154424,"(57441, np.float64(102.09215514727326)),(20518, np.float64(102.09215514727326)),(17833, np.float64(102.09215514727326)),(34425, np.float64(102.09215514727326)),(51564, np.float64(102.09215514727326)),(62141, np.float64(102.09215514727326)),(57928, np.float64(102.09215514727326)),(48641, np.float64(102.09215514727326)),(31965, np.float64(102.09215514727326)),(47684, np.float64(102.09215514727326))"
154464,154464,"(57441, np.float64(102.09215514727326)),(20518, np.float64(102.09215514727326)),(17833, np.float64(102.09215514727326)),(34425, np.float64(102.09215514727326)),(51564, np.float64(102.09215514727326)),(62141, np.float64(102.09215514727326)),(57928, np.float64(102.09215514727326)),(48641, np.float64(102.09215514727326)),(31965, np.float64(102.09215514727326)),(47684, np.float64(102.09215514727326))"
154531,154531,"(57441, np.float64(102.09215514727326)),(20518, np.float64(102.09215514727326)),(17833, np.float64(102.09215514727326)),(34425, np.float64(102.09215514727326)),(51564, np.float64(102.09215514727326)),(62141, np.float64(102.09215514727326)),(57928, np.float64(102.09215514727326)),(48641, np.float64(102.09215514727326)),(31965, np.float64(102.09215514727326)),(47684, np.float64(102.09215514727326))"
154764,154764,"(57441, np.float64(102.09215514727326)),(20518, np.float64(102.09215514727326)),(17833, np.float64(102.09215514727326)),(34425, np.float64(102.09215514727326)),(51564, np.float64(102.09215514727326)),(62141, np.float64(102.09215514727326)),(57928, np.float64(102.09215514727326)),(48641, np.float64(102.09215514727326)),(31965, np.float64(102.09215514727326)),(47684, np.float64(102.09215514727326))"
155716,155716,"(57441, np.float64(102.09215514727326)),(20518, np.float64(102.09215514727326)),(17833, np.float64(102.09215514727326)),(34425, np.float64(102.09215514727326)),(51564, np.float64(102.09215514727326)),(62141, np.float64(102.09215514727326)),(57928, np.float64(102.09215514727326)),(48641, np.float64(102.09215514727326)),(31965, np.float64(102.09215514727326)),(47684, np.float64(102.09215514727326))"
155869,155869,"(57441, np.float64(102.09215514727326)),(20518, np.float64(102.09215514727326)),(17833, np.float64(102.09215514727326)),(34425, np.float64(102.09215514727326)),(51564, np.float64(102.09215514727326)),(62141, np.float64(102.09215514727326)),(57928, np.float64(102.09215514727326)),(48641, np.float64(102.09215514727326)),(31965, np.float64(102.09215514727326)),(47684, np.float64(102.09215514727326))"
157009,157009,"(57441, np.float64(102.09215514727326)),(20518, np.float64(102.09215514727326)),(17833, np.float64(102.09215514727326)),(34425, np.float64(102.09215514727326)),(51564, np.float64(102.09215514727326)),(62141, np.float64(102.09215514727326)),(57928, np.float64(102.09215514727326)),(48641, np.float64(102.09215514727326)),(31965, np.float64(102.09215514727326)),(47684, np.float64(102.09215514727326))"
157274,157274,"(57441, np.float64(102.09215514727326)),(20518, np.float64(102.09215514727326)),(17833, np.float64(102.09215514727326)),(34425, np.float64(102.09215514727326)),(51564, np.float64(102.09215514727326)),(62141, np.float64(102.09215514727326)),(57928, np.float64(102.09215514727326)),(48641, np.float64(102.09215514727326)),(31965, np.float64(102.09215514727326)),(47684, np.float64(102.09215514727326))"
157287,157287,"(57441, np.float64(102.09215514727326)),(20518, np.float64(102.09215514727326)),(17833, np.float64(102.09215514727326)),(34425, np.float64(102.09215514727326)),(51564, np.float64(102.09215514727326)),(62141, np.float64(102.09215514727326)),(57928, np.float64(102.09215514727326)),(48641, np.float64(102.09215514727326)),(31965, np.float64(102.09215514727326)),(47684, np.float64(102.09215514727326))"
158254,158254,"51564,20518,17833,34425,62141,48641,47684,8412,44271,14278"
158381,158381,"(57441, np.float64(102.09215514727326)),(20518, np.float64(102.09215514727326)),(17833, np.float64(102.09215514727326)),(34425, np.float64(102.09215514727326)),(51564, np.float64(102.09215514727326)),(62141, np.float64(102.09215514727326)),(57928, np.float64(102.09215514727326)),(48641, np.float64(102.09215514727326)),(31965, np.float64(102.09215514727326)),(47684, np.float64(102.09215514727326))"
158502,158502,"(57441, np.float64(102.09215514727326)),(20518, np.float64(102.09215514727326)),(17833, np.float64(102.09215514727326)),(34425, np.float64(102.09215514727326)),(51564, np.float64(102.09215514727326)),(62141, np.float64(102.09215514727326)),(57928, np.float64(102.09215514727326)),(48641, np.float64(102.09215514727326)),(31965, np.float64(102.09215514727326)),(47684, np.float64(102.09215514727326))"
158839,158839,"(57441, np.float64(102.09215514727326)),(20518, np.float64(102.09215514727326)),(17833, np.float64(102.09215514727326)),(34425, np.float64(102.09215514727326)),(51564, np.float64(102.09215514727326)),(62141, np.float64(102.09215514727326)),(57928, np.float64(102.09215514727326)),(48641, np.float64(102.09215514727326)),(31965, np.float64(102.09215514727326)),(47684, np.float64(102.09215514727326))"
159201,159201,"(57441, np.float64(102.09215514727326)),(20518, np.float64(102.09215514727326)),(17833, np.float64(102.09215514727326)),(34425, np.float64(102.09215514727326)),(51564, np.float64(102.09215514727326)),(62141, np.float64(102.09215514727326)),(57928, np.float64(102.09215514727326)),(48641, np.float64(102.09215514727326)),(31965, np.float64(102.09215514727326)),(47684, np.float64(102.09215514727326))"
160102,160102,"(57441, np.float64(102.09215514727326)),(20518, np.float64(102.09215514727326)),(17833, np.float64(102.09215514727326)),(34425, np.float64(102.09215514727326)),(51564, np.float64(102.09215514727326)),(62141, np.float64(102.09215514727326)),(57928, np.float64(102.09215514727326)),(48641, np.float64(102.09215514727326)),(31965, np.float64(102.09215514727326)),(47684, np.float64(102.09215514727326))"
160110,160110,"(57441, np.float64(102.09215514727326)),(20518, np.float64(102.09215514727326)),(17833, np.float64(102.09215514727326)),(34425, np.float64(102.09215514727326)),(51564, np.float64(102.09215514727326)),(62141, np.float64(102.09215514727326)),(57928, np.float64(102.09215514727326)),(48641, np.float64(102.09215514727326)),(31965, np.float64(102.09215514727326)),(47684, np.float64(102.09215514727326))"
160922,160922,"(57441, np.float64(102.09215514727326)),(20518, np.float64(102.09215514727326)),(17833, np.float64(102.09215514727326)),(34425, np.float64(102.09215514727326)),(51564, np.float64(102.09215514727326)),(62141, np.float64(102.09215514727326)),(57928, np.float64(102.09215514727326)),(48641, np.float64(102.09215514727326)),(31965, np.float64(102.09215514727326)),(47684, np.float64(102.09215514727326))"
160952,160952,"(57441, np.float64(102.09215514727326)),(20518, np.float64(102.09215514727326)),(17833, np.float64(102.09215514727326)),(34425, np.float64(102.09215514727326)),(51564, np.float64(102.09215514727326)),(62141, np.float64(102.09215514727326)),(57928, np.float64(102.09215514727326)),(48641, np.float64(102.09215514727326)),(31965, np.float64(102.09215514727326)),(47684, np.float64(102.09215514727326))"
161782,161782,"(57441, np.float64(102.09215514727326)),(20518, np.float64(102.09215514727326)),(17833, np.float64(102.09215514727326)),(34425, np.float64(102.09215514727326)),(51564, np.float64(102.09215514727326)),(62141, np.float64(102.09215514727326)),(57928, np.float64(102.09215514727326)),(48641, np.float64(102.09215514727326)),(31965, np.float64(102.09215514727326)),(47684, np.float64(102.09215514727326))"
161860,161860,"(57441, np.float64(102.09215514727326)),(20518, np.float64(102.09215514727326)),(17833, np.float64(102.09215514727326)),(34425, np.float64(102.09215514727326)),(51564, np.float64(102.09215514727326)),(62141, np.float64(102.09215514727326)),(57928, np.float64(102.09215514727326)),(48641, np.float64(102.09215514727326)),(31965, np.float64(102.09215514727326)),(47684, np.float64(102.09215514727326))"
162151,162151,"(57441, np.float64(102.09215514727326)),(20518, np.float64(102.09215514727326)),(17833, np.float64(102.09215514727326)),(34425, np.float64(102.09215514727326)),(51564, np.float64(102.09215514727326)),(62141, np.float64(102.09215514727326)),(57928, np.float64(102.09215514727326)),(48641, np.float64(102.09215514727326)),(31965, np.float64(102.09215514727326)),(47684, np.float64(102.09215514727326))"
162152,162152,"(57441, np.float64(102.09215514727326)),(20518, np.float64(102.09215514727326)),(17833, np.float64(102.09215514727326)),(34425, np.float64(102.09215514727326)),(51564, np.float64(102.09215514727326)),(62141, np.float64(102.09215514727326)),(57928, np.float64(102.09215514727326)),(48641, np.float64(102.09215514727326)),(31965, np.float64(102.09215514727326)),(47684, np.float64(102.09215514727326))"
162225,162225,"(57441, np.float64(102.09215514727326)),(20518, np.float64(102.09215514727326)),(17833, np.float64(102.09215514727326)),(34425, np.float64(102.09215514727326)),(51564, np.float64(102.09215514727326)),(62141, np.float64(102.09215514727326)),(57928, np.float64(102.09215514727326)),(48641, np.float64(102.09215514727326)),(31965, np.float64(102.09215514727326)),(47684, np.float64(102.09215514727326))"
162244,162244,"(57441, np.float64(102.09215514727326)),(20518, np.float64(102.09215514727326)),(17833, np.float64(102.09215514727326)),(34425, np.float64(102.09215514727326)),(51564, np.float64(102.09215514727326)),(62141, np.float64(102.09215514727326)),(57928, np.float64(102.09215514727326)),(48641, np.float64(102.09215514727326)),(31965, np.float64(102.09215514727326)),(47684, np.float64(102.09215514727326))"
163919,163919,"(57441, np.float64(102.09215514727326)),(20518, np.float64(102.09215514727326)),(17833, np.float64(102.09215514727326)),(34425, np.float64(102.09215514727326)),(51564, np.float64(102.09215514727326)),(62141, np.float64(102.09215514727326)),(57928, np.float64(102.09215514727326)),(48641, np.float64(102.09215514727326)),(31965, np.float64(102.09215514727326)),(47684, np.float64(102.09215514727326))"
164241,164241,"(57441, np.float64(102.09215514727326)),(20518, np.float64(102.09215514727326)),(17833, np.float64(102.09215514727326)),(34425, np.float64(102.09215514727326)),(51564, np.float64(102.09215514727326)),(62141, np.float64(102.09215514727326)),(57928, np.float64(102.09215514727326)),(48641, np.float64(102.09215514727326)),(31965, np.float64(102.09215514727326)),(47684, np.float64(102.09215514727326))"
164804,164804,"(57441, np.float64(102.09215514727326)),(20518, np.float64(102.09215514727326)),(17833, np.float64(102.09215514727326)),(34425, np.float64(102.09215514727326)),(51564, np.float64(102.09215514727326)),(62141, np.float64(102.09215514727326)),(57928, np.float64(102.09215514727326)),(48641, np.float64(102.09215514727326)),(31965, np.float64(102.09215514727326)),(47684, np.float64(102.09215514727326))"
165482,165482,"(57441, np.float64(102.09215514727326)),(20518, np.float64(102.09215514727326)),(17833, np.float64(102.09215514727326)),(34425, np.float64(102.09215514727326)),(51564, np.float64(102.09215514727326)),(62141, np.float64(102.09215514727326)),(57928, np.float64(102.09215514727326)),(48641, np.float64(102.09215514727326)),(31965, np.float64(102.09215514727326)),(47684, np.float64(102.09215514727326))"
165793,165793,"(57441, np.float64(102.09215514727326)),(20518, np.float64(102.09215514727326)),(17833, np.float64(102.09215514727326)),(34425, np.float64(102.09215514727326)),(51564, np.float64(102.09215514727326)),(62141, np.float64(102.09215514727326)),(57928, np.float64(102.09215514727326)),(48641, np.float64(102.09215514727326)),(31965, np.float64(102.09215514727326)),(47684, np.float64(102.09215514727326))"
166285,166285,"(57441, np.float64(102.09215514727326)),(20518, np.float64(102.09215514727326)),(17833, np.float64(102.09215514727326)),(34425, np.float64(102.09215514727326)),(51564, np.float64(102.09215514727326)),(62141, np.float64(102.09215514727326)),(57928, np.float64(102.09215514727326)),(48641, np.float64(102.09215514727326)),(31965, np.float64(102.09215514727326)),(47684, np.float64(102.09215514727326))"
166567,166567,"(57441, np.float64(102.09215514727326)),(20518, np.float64(102.09215514727326)),(17833, np.float64(102.09215514727326)),(34425, np.float64(102.09215514727326)),(51564, np.float64(102.09215514727326)),(62141, np.float64(102.09215514727326)),(57928, np.float64(102.09215514727326)),(48641, np.float64(102.09215514727326)),(31965, np.float64(102.09215514727326)),(47684, np.float64(102.09215514727326))"
166704,166704,"(57441, np.float64(102.09215514727326)),(20518, np.float64(102.09215514727326)),(17833, np.float64(102.09215514727326)),(34425, np.float64(102.09215514727326)),(51564, np.float64(102.09215514727326)),(62141, np.float64(102.09215514727326)),(57928, np.float64(102.09215514727326)),(48641, np.float64(102.09215514727326)),(31965, np.float64(102.09215514727326)),(47684, np.float64(102.09215514727326))"
166797,166797,"(57441, np.float64(102.09215514727326)),(20518, np.float64(102.09215514727326)),(17833, np.float64(102.09215514727326)),(34425, np.float64(102.09215514727326)),(51564, np.float64(102.09215514727326)),(62141, np.float64(102.09215514727326)),(57928, np.float64(102.09215514727326)),(48641, np.float64(102.09215514727326)),(31965, np.float64(102.09215514727326)),(47684, np.float64(102.09215514727326))"
167577,167577,"(57441, np.float64(102.09215514727326)),(20518, np.float64(102.09215514727326)),(17833, np.float64(102.09215514727326)),(34425, np.float64(102.09215514727326)),(51564, np.float64(102.09215514727326)),(62141, np.float64(102.09215514727326)),(57928, np.float64(102.09215514727326)),(48641, np.float64(102.09215514727326)),(31965, np.float64(102.09215514727326)),(47684, np.float64(102.09215514727326))"
168260,168260,"20518,17833,34425,51564,62141,48641,47684,8412,44271,14278"
168512,168512,"(57441, np.float64(102.09215514727326)),(20518, np.float64(102.09215514727326)),(17833, np.float64(102.09215514727326)),(34425, np.float64(102.09215514727326)),(51564, np.float64(102.09215514727326)),(62141, np.float64(102.09215514727326)),(57928, np.float64(102.09215514727326)),(48641, np.float64(102.09215514727326)),(31965, np.float64(102.09215514727326)),(47684, np.float64(102.09215514727326))"
168863,168863,"(57441, np.float64(102.09215514727326)),(20518, np.float64(102.09215514727326)),(17833, np.float64(102.09215514727326)),(34425, np.float64(102.09215514727326)),(51564, np.float64(102.09215514727326)),(62141, np.float64(102.09215514727326)),(57928, np.float64(102.09215514727326)),(48641, np.float64(102.09215514727326)),(31965, np.float64(102.09215514727326)),(47684, np.float64(102.09215514727326))"
169287,169287,"(57441, np.float64(102.09215514727326)),(20518, np.float64(102.09215514727326)),(17833, np.float64(102.09215514727326)),(34425, np.float64(102.09215514727326)),(51564, np.float64(102.09215514727326)),(62141, np.float64(102.09215514727326)),(57928, np.float64(102.09215514727326)),(48641, np.float64(102.09215514727326)),(31965, np.float64(102.09215514727326)),(47684, np.float64(102.09215514727326))"
169298,169298,"(57441, np.float64(102.09215514727326)),(20518, np.float64(102.09215514727326)),(17833, np.float64(102.09215514727326)),(34425, np.float64(102.09215514727326)),(51564, np.float64(102.09215514727326)),(62141, np.float64(102.09215514727326)),(57928, np.float64(102.09215514727326)),(48641, np.float64(102.09215514727326)),(31965, np.float64(102.09215514727326)),(47684, np.float64(102.09215514727326))"
169310,169310,"(57441, np.float64(102.09215514727326)),(20518, np.float64(102.09215514727326)),(17833, np.float64(102.09215514727326)),(34425, np.float64(102.09215514727326)),(51564, np.float64(102.09215514727326)),(62141, np.float64(102.09215514727326)),(57928, np.float64(102.09215514727326)),(48641, np.float64(102.09215514727326)),(31965, np.float64(102.09215514727326)),(47684, np.float64(102.09215514727326))"
169443,169443,"(57441, np.float64(102.09215514727326)),(20518, np.float64(102.09215514727326)),(17833, np.float64(102.09215514727326)),(34425, np.float64(102.09215514727326)),(51564, np.float64(102.09215514727326)),(62141, np.float64(102.09215514727326)),(57928, np.float64(102.09215514727326)),(48641, np.float64(102.09215514727326)),(31965, np.float64(102.09215514727326)),(47684, np.float64(102.09215514727326))"
170082,170082,"(57441, np.float64(102.09215514727326)),(20518, np.float64(102.09215514727326)),(17833, np.float64(102.09215514727326)),(34425, np.float64(102.09215514727326)),(51564, np.float64(102.09215514727326)),(62141, np.float64(102.09215514727326)),(57928, np.float64(102.09215514727326)),(48641, np.float64(102.09215514727326)),(31965, np.float64(102.09215514727326)),(47684, np.float64(102.09215514727326))"
170272,170272,"(57441, np.float64(102.09215514727326)),(20518, np.float64(102.09215514727326)),(17833, np.float64(102.09215514727326)),(34425, np.float64(102.09215514727326)),(51564, np.float64(102.09215514727326)),(62141, np.float64(102.09215514727326)),(57928, np.float64(102.09215514727326)),(48641, np.float64(102.09215514727326)),(31965, np.float64(102.09215514727326)),(47684, np.float64(102.09215514727326))"
170303,170303,"(57441, np.float64(102.09215514727326)),(20518, np.float64(102.09215514727326)),(17833, np.float64(102.09215514727326)),(34425, np.float64(102.09215514727326)),(51564, np.float64(102.09215514727326)),(62141, np.float64(102.09215514727326)),(57928, np.float64(102.09215514727326)),(48641, np.float64(102.09215514727326)),(31965, np.float64(102.09215514727326)),(47684, np.float64(102.09215514727326))"
170637,170637,"(57441, np.float64(102.09215514727326)),(20518, np.float64(102.09215514727326)),(17833, np.float64(102.09215514727326)),(34425, np.float64(102.09215514727326)),(51564, np.float64(102.09215514727326)),(62141, np.float64(102.09215514727326)),(57928, np.float64(102.09215514727326)),(48641, np.float64(102.09215514727326)),(31965, np.float64(102.09215514727326)),(47684, np.float64(102.09215514727326))"
170720,170720,"(57441, np.float64(102.09215514727326)),(20518, np.float64(102.09215514727326)),(17833, np.float64(102.09215514727326)),(34425, np.float64(102.09215514727326)),(51564, np.float64(102.09215514727326)),(62141, np.float64(102.09215514727326)),(57928, np.float64(102.09215514727326)),(48641, np.float64(102.09215514727326)),(31965, np.float64(102.09215514727326)),(47684, np.float64(102.09215514727326))"
170917,170917,"20518,17833,34425,51564,62141,48641,47684,8412,44271,14278"
171125,171125,"(57441, np.float64(102.09215514727326)),(20518, np.float64(102.09215514727326)),(17833, np.float64(102.09215514727326)),(34425, np.float64(102.09215514727326)),(51564, np.float64(102.09215514727326)),(62141, np.float64(102.09215514727326)),(57928, np.float64(102.09215514727326)),(48641, np.float64(102.09215514727326)),(31965, np.float64(102.09215514727326)),(47684, np.float64(102.09215514727326))"
171705,171705,"(57441, np.float64(102.09215514727326)),(20518, np.float64(102.09215514727326)),(17833, np.float64(102.09215514727326)),(34425, np.float64(102.09215514727326)),(51564, np.float64(102.09215514727326)),(62141, np.float64(102.09215514727326)),(57928, np.float64(102.09215514727326)),(48641, np.float64(102.09215514727326)),(31965, np.float64(102.09215514727326)),(47684, np.float64(102.09215514727326))"
171815,171815,"(57441, np.float64(102.09215514727326)),(20518, np.float64(102.09215514727326)),(17833, np.float64(102.09215514727326)),(34425, np.float64(102.09215514727326)),(51564, np.float64(102.09215514727326)),(62141, np.float64(102.09215514727326)),(57928, np.float64(102.09215514727326)),(48641, np.float64(102.09215514727326)),(31965, np.float64(102.09215514727326)),(47684, np.float64(102.09215514727326))"
172127,172127,"(57441, np.float64(102.09215514727326)),(20518, np.float64(102.09215514727326)),(17833, np.float64(102.09215514727326)),(34425, np.float64(102.09215514727326)),(51564, np.float64(102.09215514727326)),(62141, np.float64(102.09215514727326)),(57928, np.float64(102.09215514727326)),(48641, np.float64(102.09215514727326)),(31965, np.float64(102.09215514727326)),(47684, np.float64(102.09215514727326))"
172469,172469,"(57441, np.float64(102.09215514727326)),(20518, np.float64(102.09215514727326)),(17833, np.float64(102.09215514727326)),(34425, np.float64(102.09215514727326)),(51564, np.float64(102.09215514727326)),(62141, np.float64(102.09215514727326)),(57928, np.float64(102.09215514727326)),(48641, np.float64(102.09215514727326)),(31965, np.float64(102.09215514727326)),(47684, np.float64(102.09215514727326))"
173006,173006,"(57441, np.float64(102.09215514727326)),(20518, np.float64(102.09215514727326)),(17833, np.float64(102.09215514727326)),(34425, np.float64(102.09215514727326)),(51564, np.float64(102.09215514727326)),(62141, np.float64(102.09215514727326)),(57928, np.float64(102.09215514727326)),(48641, np.float64(102.09215514727326)),(31965, np.float64(102.09215514727326)),(47684, np.float64(102.09215514727326))"
173450,173450,"(57441, np.float64(102.09215514727326)),(20518, np.float64(102.09215514727326)),(17833, np.float64(102.09215514727326)),(34425, np.float64(102.09215514727326)),(51564, np.float64(102.09215514727326)),(62141, np.float64(102.09215514727326)),(57928, np.float64(102.09215514727326)),(48641, np.float64(102.09215514727326)),(31965, np.float64(102.09215514727326)),(47684, np.float64(102.09215514727326))"
174444,174444,"(57441, np.float64(102.09215514727326)),(20518, np.float64(102.09215514727326)),(17833, np.float64(102.09215514727326)),(34425, np.float64(102.09215514727326)),(51564, np.float64(102.09215514727326)),(62141, np.float64(102.09215514727326)),(57928, np.float64(102.09215514727326)),(48641, np.float64(102.09215514727326)),(31965, np.float64(102.09215514727326)),(47684, np.float64(102.09215514727326))"
174893,174893,"(57441, np.float64(102.09215514727326)),(20518, np.float64(102.09215514727326)),(17833, np.float64(102.09215514727326)),(34425, np.float64(102.09215514727326)),(51564, np.float64(102.09215514727326)),(62141, np.float64(102.09215514727326)),(57928, np.float64(102.09215514727326)),(48641, np.float64(102.09215514727326)),(31965, np.float64(102.09215514727326)),(47684, np.float64(102.09215514727326))"
175134,175134,"(57441, np.float64(102.09215514727326)),(20518, np.float64(102.09215514727326)),(17833, np.float64(102.09215514727326)),(34425, np.float64(102.09215514727326)),(51564, np.float64(102.09215514727326)),(62141, np.float64(102.09215514727326)),(57928, np.float64(102.09215514727326)),(48641, np.float64(102.09215514727326)),(31965, np.float64(102.09215514727326)),(47684, np.float64(102.09215514727326))"
175323,175323,"(57441, np.float64(102.09215514727326)),(20518, np.float64(102.09215514727326)),(17833, np.float64(102.09215514727326)),(34425, np.float64(102.09215514727326)),(51564, np.float64(102.09215514727326)),(62141, np.float64(102.09215514727326)),(57928, np.float64(102.09215514727326)),(48641, np.float64(102.09215514727326)),(31965, np.float64(102.09215514727326)),(47684, np.float64(102.09215514727326))"
175508,175508,"(57441, np.float64(102.09215514727326)),(20518, np.float64(102.09215514727326)),(17833, np.float64(102.09215514727326)),(34425, np.float64(102.09215514727326)),(51564, np.float64(102.09215514727326)),(62141, np.float64(102.09215514727326)),(57928, np.float64(102.09215514727326)),(48641, np.float64(102.09215514727326)),(31965, np.float64(102.09215514727326)),(47684, np.float64(102.09215514727326))"
176173,176173,"(57441, np.float64(102.09215514727326)),(20518, np.float64(102.09215514727326)),(17833, np.float64(102.09215514727326)),(34425, np.float64(102.09215514727326)),(51564, np.float64(102.09215514727326)),(62141, np.float64(102.09215514727326)),(57928, np.float64(102.09215514727326)),(48641, np.float64(102.09215514727326)),(31965, np.float64(102.09215514727326)),(47684, np.float64(102.09215514727326))"
177089,177089,"(57441, np.float64(102.09215514727326)),(20518, np.float64(102.09215514727326)),(17833, np.float64(102.09215514727326)),(34425, np.float64(102.09215514727326)),(51564, np.float64(102.09215514727326)),(62141, np.float64(102.09215514727326)),(57928, np.float64(102.09215514727326)),(48641, np.float64(102.09215514727326)),(31965, np.float64(102.09215514727326)),(47684, np.float64(102.09215514727326))"
177293,177293,"(57441, np.float64(102.09215514727326)),(20518, np.float64(102.09215514727326)),(17833, np.float64(102.09215514727326)),(34425, np.float64(102.09215514727326)),(51564, np.float64(102.09215514727326)),(62141, np.float64(102.09215514727326)),(57928, np.float64(102.09215514727326)),(48641, np.float64(102.09215514727326)),(31965, np.float64(102.09215514727326)),(47684, np.float64(102.09215514727326))"
178058,178058,"(57441, np.float64(102.09215514727326)),(20518, np.float64(102.09215514727326)),(17833, np.float64(102.09215514727326)),(34425, np.float64(102.09215514727326)),(51564, np.float64(102.09215514727326)),(62141, np.float64(102.09215514727326)),(57928, np.float64(102.09215514727326)),(48641, np.float64(102.09215514727326)),(31965, np.float64(102.09215514727326)),(47684, np.float64(102.09215514727326))"
178582,178582,"(57441, np.float64(102.09215514727326)),(20518, np.float64(102.09215514727326)),(17833, np.float64(102.09215514727326)),(34425, np.float64(102.09215514727326)),(51564, np.float64(102.09215514727326)),(62141, np.float64(102.09215514727326)),(57928, np.float64(102.09215514727326)),(48641, np.float64(102.09215514727326)),(31965, np.float64(102.09215514727326)),(47684, np.float64(102.09215514727326))"
178761,178761,"(57441, np.float64(102.09215514727326)),(20518, np.float64(102.09215514727326)),(17833, np.float64(102.09215514727326)),(34425, np.float64(102.09215514727326)),(51564, np.float64(102.09215514727326)),(62141, np.float64(102.09215514727326)),(57928, np.float64(102.09215514727326)),(48641, np.float64(102.09215514727326)),(31965, np.float64(102.09215514727326)),(47684, np.float64(102.09215514727326))"
179027,179027,"(57441, np.float64(102.09215514727326)),(20518, np.float64(102.09215514727326)),(17833, np.float64(102.09215514727326)),(34425, np.float64(102.09215514727326)),(51564, np.float64(102.09215514727326)),(62141, np.float64(102.09215514727326)),(57928, np.float64(102.09215514727326)),(48641, np.float64(102.09215514727326)),(31965, np.float64(102.09215514727326)),(47684, np.float64(102.09215514727326))"
179474,179474,"(57441, np.float64(102.09215514727326)),(20518, np.float64(102.09215514727326)),(17833, np.float64(102.09215514727326)),(34425, np.float64(102.09215514727326)),(51564, np.float64(102.09215514727326)),(62141, np.float64(102.09215514727326)),(57928, np.float64(102.09215514727326)),(48641, np.float64(102.09215514727326)),(31965, np.float64(102.09215514727326)),(47684, np.float64(102.09215514727326))"
179686,179686,"(57441, np.float64(102.09215514727326)),(20518, np.float64(102.09215514727326)),(17833, np.float64(102.09215514727326)),(34425, np.float64(102.09215514727326)),(51564, np.float64(102.09215514727326)),(62141, np.float64(102.09215514727326)),(57928, np.float64(102.09215514727326)),(48641, np.float64(102.09215514727326)),(31965, np.float64(102.09215514727326)),(47684, np.float64(102.09215514727326))"
180490,180490,"(57441, np.float64(102.09215514727326)),(20518, np.float64(102.09215514727326)),(17833, np.float64(102.09215514727326)),(34425, np.float64(102.09215514727326)),(51564, np.float64(102.09215514727326)),(62141, np.float64(102.09215514727326)),(57928, np.float64(102.09215514727326)),(48641, np.float64(102.09215514727326)),(31965, np.float64(102.09215514727326)),(47684, np.float64(102.09215514727326))"
180779,180779,"(57441, np.float64(102.09215514727326)),(20518, np.float64(102.09215514727326)),(17833, np.float64(102.09215514727326)),(34425, np.float64(102.09215514727326)),(51564, np.float64(102.09215514727326)),(62141, np.float64(102.09215514727326)),(57928, np.float64(102.09215514727326)),(48641, np.float64(102.09215514727326)),(31965, np.float64(102.09215514727326)),(47684, np.float64(102.09215514727326))"
180877,180877,"(57441, np.float64(102.09215514727326)),(20518, np.float64(102.09215514727326)),(17833, np.float64(102.09215514727326)),(34425, np.float64(102.09215514727326)),(51564, np.float64(102.09215514727326)),(62141, np.float64(102.09215514727326)),(57928, np.float64(102.09215514727326)),(48641, np.float64(102.09215514727326)),(31965, np.float64(102.09215514727326)),(47684, np.float64(102.09215514727326))"
180931,180931,"(57441, np.float64(102.09215514727326)),(20518, np.float64(102.09215514727326)),(17833, np.float64(102.09215514727326)),(34425, np.float64(102.09215514727326)),(51564, np.float64(102.09215514727326)),(62141, np.float64(102.09215514727326)),(57928, np.float64(102.09215514727326)),(48641, np.float64(102.09215514727326)),(31965, np.float64(102.09215514727326)),(47684, np.float64(102.09215514727326))"
181314,181314,"(57441, np.float64(102.09215514727326)),(20518, np.float64(102.09215514727326)),(17833, np.float64(102.09215514727326)),(34425, np.float64(102.09215514727326)),(51564, np.float64(102.09215514727326)),(62141, np.float64(102.09215514727326)),(57928, np.float64(102.09215514727326)),(48641, np.float64(102.09215514727326)),(31965, np.float64(102.09215514727326)),(47684, np.float64(102.09215514727326))"
182094,182094,"(57441, np.float64(102.09215514727326)),(20518, np.float64(102.09215514727326)),(17833, np.float64(102.09215514727326)),(34425, np.float64(102.09215514727326)),(51564, np.float64(102.09215514727326)),(62141, np.float64(102.09215514727326)),(57928, np.float64(102.09215514727326)),(48641, np.float64(102.09215514727326)),(31965, np.float64(102.09215514727326)),(47684, np.float64(102.09215514727326))"
182401,182401,"(57441, np.float64(102.09215514727326)),(20518, np.float64(102.09215514727326)),(17833, np.float64(102.09215514727326)),(34425, np.float64(102.09215514727326)),(51564, np.float64(102.09215514727326)),(62141, np.float64(102.09215514727326)),(57928, np.float64(102.09215514727326)),(48641, np.float64(102.09215514727326)),(31965, np.float64(102.09215514727326)),(47684, np.float64(102.09215514727326))"
182612,182612,"(57441, np.float64(102.09215514727326)),(20518, np.float64(102.09215514727326)),(17833, np.float64(102.09215514727326)),(34425, np.float64(102.09215514727326)),(51564, np.float64(102.09215514727326)),(62141, np.float64(102.09215514727326)),(57928, np.float64(102.09215514727326)),(48641, np.float64(102.09215514727326)),(31965, np.float64(102.09215514727326)),(47684, np.float64(102.09215514727326))"
182895,182895,"(57441, np.float64(102.09215514727326)),(20518, np.float64(102.09215514727326)),(17833, np.float64(102.09215514727326)),(34425, np.float64(102.09215514727326)),(51564, np.float64(102.09215514727326)),(62141, np.float64(102.09215514727326)),(57928, np.float64(102.09215514727326)),(48641, np.float64(102.09215514727326)),(31965, np.float64(102.09215514727326)),(47684, np.float64(102.09215514727326))"
183054,183054,"(57441, np.float64(102.09215514727326)),(20518, np.float64(102.09215514727326)),(17833, np.float64(102.09215514727326)),(34425, np.float64(102.09215514727326)),(51564, np.float64(102.09215514727326)),(62141, np.float64(102.09215514727326)),(57928, np.float64(102.09215514727326)),(48641, np.float64(102.09215514727326)),(31965, np.float64(102.09215514727326)),(47684, np.float64(102.09215514727326))"
183895,183895,"(57441, np.float64(102.09215514727326)),(20518, np.float64(102.09215514727326)),(17833, np.float64(102.09215514727326)),(34425, np.float64(102.09215514727326)),(51564, np.float64(102.09215514727326)),(62141, np.float64(102.09215514727326)),(57928, np.float64(102.09215514727326)),(48641, np.float64(102.09215514727326)),(31965, np.float64(102.09215514727326)),(47684, np.float64(102.09215514727326))"
184022,184022,"(57441, np.float64(102.09215514727326)),(20518, np.float64(102.09215514727326)),(17833, np.float64(102.09215514727326)),(34425, np.float64(102.09215514727326)),(51564, np.float64(102.09215514727326)),(62141, np.float64(102.09215514727326)),(57928, np.float64(102.09215514727326)),(48641, np.float64(102.09215514727326)),(31965, np.float64(102.09215514727326)),(47684, np.float64(102.09215514727326))"
184591,184591,"(57441, np.float64(102.09215514727326)),(20518, np.float64(102.09215514727326)),(17833, np.float64(102.09215514727326)),(34425, np.float64(102.09215514727326)),(51564, np.float64(102.09215514727326)),(62141, np.float64(102.09215514727326)),(57928, np.float64(102.09215514727326)),(48641, np.float64(102.09215514727326)),(31965, np.float64(102.09215514727326)),(47684, np.float64(102.09215514727326))"
184625,184625,"(57441, np.float64(102.09215514727326)),(20518, np.float64(102.09215514727326)),(17833, np.float64(102.09215514727326)),(34425, np.float64(102.09215514727326)),(51564, np.float64(102.09215514727326)),(62141, np.float64(102.09215514727326)),(57928, np.float64(102.09215514727326)),(48641, np.float64(102.09215514727326)),(31965, np.float64(102.09215514727326)),(47684, np.float64(102.09215514727326))"
184671,184671,"(57441, np.float64(102.09215514727326)),(20518, np.float64(102.09215514727326)),(17833, np.float64(102.09215514727326)),(34425, np.float64(102.09215514727326)),(51564, np.float64(102.09215514727326)),(62141, np.float64(102.09215514727326)),(57928, np.float64(102.09215514727326)),(48641, np.float64(102.09215514727326)),(31965, np.float64(102.09215514727326)),(47684, np.float64(102.09215514727326))"
184771,184771,"(57441, np.float64(102.09215514727326)),(20518, np.float64(102.09215514727326)),(17833, np.float64(102.09215514727326)),(34425, np.float64(102.09215514727326)),(51564, np.float64(102.09215514727326)),(62141, np.float64(102.09215514727326)),(57928, np.float64(102.09215514727326)),(48641, np.float64(102.09215514727326)),(31965, np.float64(102.09215514727326)),(47684, np.float64(102.09215514727326))"
185059,185059,"(57441, np.float64(102.09215514727326)),(20518, np.float64(102.09215514727326)),(17833, np.float64(102.09215514727326)),(34425, np.float64(102.09215514727326)),(51564, np.float64(102.09215514727326)),(62141, np.float64(102.09215514727326)),(57928, np.float64(102.09215514727326)),(48641, np.float64(102.09215514727326)),(31965, np.float64(102.09215514727326)),(47684, np.float64(102.09215514727326))"
185629,185629,"(57441, np.float64(102.09215514727326)),(20518, np.float64(102.09215514727326)),(17833, np.float64(102.09215514727326)),(34425, np.float64(102.09215514727326)),(51564, np.float64(102.09215514727326)),(62141, np.float64(102.09215514727326)),(57928, np.float64(102.09215514727326)),(48641, np.float64(102.09215514727326)),(31965, np.float64(102.09215514727326)),(47684, np.float64(102.09215514727326))"
186062,186062,"(57441, np.float64(102.09215514727326)),(20518, np.float64(102.09215514727326)),(17833, np.float64(102.09215514727326)),(34425, np.float64(102.09215514727326)),(51564, np.float64(102.09215514727326)),(62141, np.float64(102.09215514727326)),(57928, np.float64(102.09215514727326)),(48641, np.float64(102.09215514727326)),(31965, np.float64(102.09215514727326)),(47684, np.float64(102.09215514727326))"
186410,186410,"(57441, np.float64(102.09215514727326)),(20518, np.float64(102.09215514727326)),(17833, np.float64(102.09215514727326)),(34425, np.float64(102.09215514727326)),(51564, np.float64(102.09215514727326)),(62141, np.float64(102.09215514727326)),(57928, np.float64(102.09215514727326)),(48641, np.float64(102.09215514727326)),(31965, np.float64(102.09215514727326)),(47684, np.float64(102.09215514727326))"
186417,186417,"(57441, np.float64(102.09215514727326)),(20518, np.float64(102.09215514727326)),(17833, np.float64(102.09215514727326)),(34425, np.float64(102.09215514727326)),(51564, np.float64(102.09215514727326)),(62141, np.float64(102.09215514727326)),(57928, np.float64(102.09215514727326)),(48641, np.float64(102.09215514727326)),(31965, np.float64(102.09215514727326)),(47684, np.float64(102.09215514727326))"
186501,186501,"(57441, np.float64(102.09215514727326)),(20518, np.float64(102.09215514727326)),(17833, np.float64(102.09215514727326)),(34425, np.float64(102.09215514727326)),(51564, np.float64(102.09215514727326)),(62141, np.float64(102.09215514727326)),(57928, np.float64(102.09215514727326)),(48641, np.float64(102.09215514727326)),(31965, np.float64(102.09215514727326)),(47684, np.float64(102.09215514727326))"
186565,186565,"(57441, np.float64(102.09215514727326)),(20518, np.float64(102.09215514727326)),(17833, np.float64(102.09215514727326)),(34425, np.float64(102.09215514727326)),(51564, np.float64(102.09215514727326)),(62141, np.float64(102.09215514727326)),(57928, np.float64(102.09215514727326)),(48641, np.float64(102.09215514727326)),(31965, np.float64(102.09215514727326)),(47684, np.float64(102.09215514727326))"
186586,186586,"(57441, np.float64(102.09215514727326)),(20518, np.float64(102.09215514727326)),(17833, np.float64(102.09215514727326)),(34425, np.float64(102.09215514727326)),(51564, np.float64(102.09215514727326)),(62141, np.float64(102.09215514727326)),(57928, np.float64(102.09215514727326)),(48641, np.float64(102.09215514727326)),(31965, np.float64(102.09215514727326)),(47684, np.float64(102.09215514727326))"
186673,186673,"(57441, np.float64(102.09215514727326)),(20518, np.float64(102.09215514727326)),(17833, np.float64(102.09215514727326)),(34425, np.float64(102.09215514727326)),(51564, np.float64(102.09215514727326)),(62141, np.float64(102.09215514727326)),(57928, np.float64(102.09215514727326)),(48641, np.float64(102.09215514727326)),(31965, np.float64(102.09215514727326)),(47684, np.float64(102.09215514727326))"
186846,186846,"(57441, np.float64(102.09215514727326)),(20518, np.float64(102.09215514727326)),(17833, np.float64(102.09215514727326)),(34425, np.float64(102.09215514727326)),(51564, np.float64(102.09215514727326)),(62141, np.float64(102.09215514727326)),(57928, np.float64(102.09215514727326)),(48641, np.float64(102.09215514727326)),(31965, np.float64(102.09215514727326)),(47684, np.float64(102.09215514727326))"
187546,187546,"20518,17833,34425,51564,62141,48641,47684,8412,44271,14278"
187931,187931,"(57441, np.float64(102.09215514727326)),(20518, np.float64(102.09215514727326)),(17833, np.float64(102.09215514727326)),(34425, np.float64(102.09215514727326)),(51564, np.float64(102.09215514727326)),(62141, np.float64(102.09215514727326)),(57928, np.float64(102.09215514727326)),(48641, np.float64(102.09215514727326)),(31965, np.float64(102.09215514727326)),(47684, np.float64(102.09215514727326))"
188427,188427,"(57441, np.float64(102.09215514727326)),(20518, np.float64(102.09215514727326)),(17833, np.float64(102.09215514727326)),(34425, np.float64(102.09215514727326)),(51564, np.float64(102.09215514727326)),(62141, np.float64(102.09215514727326)),(57928, np.float64(102.09215514727326)),(48641, np.float64(102.09215514727326)),(31965, np.float64(102.09215514727326)),(47684, np.float64(102.09215514727326))"
188702,188702,"(57441, np.float64(102.09215514727326)),(20518, np.float64(102.09215514727326)),(17833, np.float64(102.09215514727326)),(34425, np.float64(102.09215514727326)),(51564, np.float64(102.09215514727326)),(62141, np.float64(102.09215514727326)),(57928, np.float64(102.09215514727326)),(48641, np.float64(102.09215514727326)),(31965, np.float64(102.09215514727326)),(47684, np.float64(102.09215514727326))"
188854,188854,"(57441, np.float64(102.09215514727326)),(20518, np.float64(102.09215514727326)),(17833, np.float64(102.09215514727326)),(34425, np.float64(102.09215514727326)),(51564, np.float64(102.09215514727326)),(62141, np.float64(102.09215514727326)),(57928, np.float64(102.09215514727326)),(48641, np.float64(102.09215514727326)),(31965, np.float64(102.09215514727326)),(47684, np.float64(102.09215514727326))"
189178,189178,"(57441, np.float64(102.09215514727326)),(20518, np.float64(102.09215514727326)),(17833, np.float64(102.09215514727326)),(34425, np.float64(102.09215514727326)),(51564, np.float64(102.09215514727326)),(62141, np.float64(102.09215514727326)),(57928, np.float64(102.09215514727326)),(48641, np.float64(102.09215514727326)),(31965, np.float64(102.09215514727326)),(47684, np.float64(102.09215514727326))"
189526,189526,"(57441, np.float64(102.09215514727326)),(20518, np.float64(102.09215514727326)),(17833, np.float64(102.09215514727326)),(34425, np.float64(102.09215514727326)),(51564, np.float64(102.09215514727326)),(62141, np.float64(102.09215514727326)),(57928, np.float64(102.09215514727326)),(48641, np.float64(102.09215514727326)),(31965, np.float64(102.09215514727326)),(47684, np.float64(102.09215514727326))"
190208,190208,"(57441, np.float64(102.09215514727326)),(20518, np.float64(102.09215514727326)),(17833, np.float64(102.09215514727326)),(34425, np.float64(102.09215514727326)),(51564, np.float64(102.09215514727326)),(62141, np.float64(102.09215514727326)),(57928, np.float64(102.09215514727326)),(48641, np.float64(102.09215514727326)),(31965, np.float64(102.09215514727326)),(47684, np.float64(102.09215514727326))"
190747,190747,"(57441, np.float64(102.09215514727326)),(20518, np.float64(102.09215514727326)),(17833, np.float64(102.09215514727326)),(34425, np.float64(102.09215514727326)),(51564, np.float64(102.09215514727326)),(62141, np.float64(102.09215514727326)),(57928, np.float64(102.09215514727326)),(48641, np.float64(102.09215514727326)),(31965, np.float64(102.09215514727326)),(47684, np.float64(102.09215514727326))"
190819,190819,"(57441, np.float64(102.09215514727326)),(20518, np.float64(102.09215514727326)),(17833, np.float64(102.09215514727326)),(34425, np.float64(102.09215514727326)),(51564, np.float64(102.09215514727326)),(62141, np.float64(102.09215514727326)),(57928, np.float64(102.09215514727326)),(48641, np.float64(102.09215514727326)),(31965, np.float64(102.09215514727326)),(47684, np.float64(102.09215514727326))"
191350,191350,"(57441, np.float64(102.09215514727326)),(20518, np.float64(102.09215514727326)),(17833, np.float64(102.09215514727326)),(34425, np.float64(102.09215514727326)),(51564, np.float64(102.09215514727326)),(62141, np.float64(102.09215514727326)),(57928, np.float64(102.09215514727326)),(48641, np.float64(102.09215514727326)),(31965, np.float64(102.09215514727326)),(47684, np.float64(102.09215514727326))"
191485,191485,"(57441, np.float64(102.09215514727326)),(20518, np.float64(102.09215514727326)),(17833, np.float64(102.09215514727326)),(34425, np.float64(102.09215514727326)),(51564, np.float64(102.09215514727326)),(62141, np.float64(102.09215514727326)),(57928, np.float64(102.09215514727326)),(48641, np.float64(102.09215514727326)),(31965, np.float64(102.09215514727326)),(47684, np.float64(102.09215514727326))"
192407,192407,"(57441, np.float64(102.09215514727326)),(20518, np.float64(102.09215514727326)),(17833, np.float64(102.09215514727326)),(34425, np.float64(102.09215514727326)),(51564, np.float64(102.09215514727326)),(62141, np.float64(102.09215514727326)),(57928, np.float64(102.09215514727326)),(48641, np.float64(102.09215514727326)),(31965, np.float64(102.09215514727326)),(47684, np.float64(102.09215514727326))"
192867,192867,"(57441, np.float64(102.09215514727326)),(20518, np.float64(102.09215514727326)),(17833, np.float64(102.09215514727326)),(34425, np.float64(102.09215514727326)),(51564, np.float64(102.09215514727326)),(62141, np.float64(102.09215514727326)),(57928, np.float64(102.09215514727326)),(48641, np.float64(102.09215514727326)),(31965, np.float64(102.09215514727326)),(47684, np.float64(102.09215514727326))"
193101,193101,"(57441, np.float64(102.09215514727326)),(20518, np.float64(102.09215514727326)),(17833, np.float64(102.09215514727326)),(34425, np.float64(102.09215514727326)),(51564, np.float64(102.09215514727326)),(62141, np.float64(102.09215514727326)),(57928, np.float64(102.09215514727326)),(48641, np.float64(102.09215514727326)),(31965, np.float64(102.09215514727326)),(47684, np.float64(102.09215514727326))"
193265,193265,"(57441, np.float64(102.09215514727326)),(20518, np.float64(102.09215514727326)),(17833, np.float64(102.09215514727326)),(34425, np.float64(102.09215514727326)),(51564, np.float64(102.09215514727326)),(62141, np.float64(102.09215514727326)),(57928, np.float64(102.09215514727326)),(48641, np.float64(102.09215514727326)),(31965, np.float64(102.09215514727326)),(47684, np.float64(102.09215514727326))"
193386,193386,"(57441, np.float64(102.09215514727326)),(20518, np.float64(102.09215514727326)),(17833, np.float64(102.09215514727326)),(34425, np.float64(102.09215514727326)),(51564, np.float64(102.09215514727326)),(62141, np.float64(102.09215514727326)),(57928, np.float64(102.09215514727326)),(48641, np.float64(102.09215514727326)),(31965, np.float64(102.09215514727326)),(47684, np.float64(102.09215514727326))"
194000,194000,"(57441, np.float64(102.09215514727326)),(20518, np.float64(102.09215514727326)),(17833, np.float64(102.09215514727326)),(34425, np.float64(102.09215514727326)),(51564, np.float64(102.09215514727326)),(62141, np.float64(102.09215514727326)),(57928, np.float64(102.09215514727326)),(48641, np.float64(102.09215514727326)),(31965, np.float64(102.09215514727326)),(47684, np.float64(102.09215514727326))"
195019,195019,"(57441, np.float64(102.09215514727326)),(20518, np.float64(102.09215514727326)),(17833, np.float64(102.09215514727326)),(34425, np.float64(102.09215514727326)),(51564, np.float64(102.09215514727326)),(62141, np.float64(102.09215514727326)),(57928, np.float64(102.09215514727326)),(48641, np.float64(102.09215514727326)),(31965, np.float64(102.09215514727326)),(47684, np.float64(102.09215514727326))"
195373,195373,"(57441, np.float64(102.09215514727326)),(20518, np.float64(102.09215514727326)),(17833, np.float64(102.09215514727326)),(34425, np.float64(102.09215514727326)),(51564, np.float64(102.09215514727326)),(62141, np.float64(102.09215514727326)),(57928, np.float64(102.09215514727326)),(48641, np.float64(102.09215514727326)),(31965, np.float64(102.09215514727326)),(47684, np.float64(102.09215514727326))"
195628,195628,"(57441, np.float64(102.09215514727326)),(20518, np.float64(102.09215514727326)),(17833, np.float64(102.09215514727326)),(34425, np.float64(102.09215514727326)),(51564, np.float64(102.09215514727326)),(62141, np.float64(102.09215514727326)),(57928, np.float64(102.09215514727326)),(48641, np.float64(102.09215514727326)),(31965, np.float64(102.09215514727326)),(47684, np.float64(102.09215514727326))"
196067,196067,"(57441, np.float64(102.09215514727326)),(20518, np.float64(102.09215514727326)),(17833, np.float64(102.09215514727326)),(34425, np.float64(102.09215514727326)),(51564, np.float64(102.09215514727326)),(62141, np.float64(102.09215514727326)),(57928, np.float64(102.09215514727326)),(48641, np.float64(102.09215514727326)),(31965, np.float64(102.09215514727326)),(47684, np.float64(102.09215514727326))"
197504,197504,"(57441, np.float64(102.09215514727326)),(20518, np.float64(102.09215514727326)),(17833, np.float64(102.09215514727326)),(34425, np.float64(102.09215514727326)),(51564, np.float64(102.09215514727326)),(62141, np.float64(102.09215514727326)),(57928, np.float64(102.09215514727326)),(48641, np.float64(102.09215514727326)),(31965, np.float64(102.09215514727326)),(47684, np.float64(102.09215514727326))"
198703,198703,"(57441, np.float64(102.09215514727326)),(20518, np.float64(102.09215514727326)),(17833, np.float64(102.09215514727326)),(34425, np.float64(102.09215514727326)),(51564, np.float64(102.09215514727326)),(62141, np.float64(102.09215514727326)),(57928, np.float64(102.09215514727326)),(48641, np.float64(102.09215514727326)),(31965, np.float64(102.09215514727326)),(47684, np.float64(102.09215514727326))"
198779,198779,"(57441, np.float64(102.09215514727326)),(20518, np.float64(102.09215514727326)),(17833, np.float64(102.09215514727326)),(34425, np.float64(102.09215514727326)),(51564, np.float64(102.09215514727326)),(62141, np.float64(102.09215514727326)),(57928, np.float64(102.09215514727326)),(48641, np.float64(102.09215514727326)),(31965, np.float64(102.09215514727326)),(47684, np.float64(102.09215514727326))"
198848,198848,"(57441, np.float64(102.09215514727326)),(20518, np.float64(102.09215514727326)),(17833, np.float64(102.09215514727326)),(34425, np.float64(102.09215514727326)),(51564, np.float64(102.09215514727326)),(62141, np.float64(102.09215514727326)),(57928, np.float64(102.09215514727326)),(48641, np.float64(102.09215514727326)),(31965, np.float64(102.09215514727326)),(47684, np.float64(102.09215514727326))"
199084,199084,"(57441, np.float64(102.09215514727326)),(20518, np.float64(102.09215514727326)),(17833, np.float64(102.09215514727326)),(34425, np.float64(102.09215514727326)),(51564, np.float64(102.09215514727326)),(62141, np.float64(102.09215514727326)),(57928, np.float64(102.09215514727326)),(48641, np.float64(102.09215514727326)),(31965, np.float64(102.09215514727326)),(47684, np.float64(102.09215514727326))"
199174,199174,"(57441, np.float64(102.09215514727326)),(20518, np.float64(102.09215514727326)),(17833, np.float64(102.09215514727326)),(34425, np.float64(102.09215514727326)),(51564, np.float64(102.09215514727326)),(62141, np.float64(102.09215514727326)),(57928, np.float64(102.09215514727326)),(48641, np.float64(102.09215514727326)),(31965, np.float64(102.09215514727326)),(47684, np.float64(102.09215514727326))"
199854,199854,"(57441, np.float64(102.09215514727326)),(20518, np.float64(102.09215514727326)),(17833, np.float64(102.09215514727326)),(34425, np.float64(102.09215514727326)),(51564, np.float64(102.09215514727326)),(62141, np.float64(102.09215514727326)),(57928, np.float64(102.09215514727326)),(48641, np.float64(102.09215514727326)),(31965, np.float64(102.09215514727326)),(47684, np.float64(102.09215514727326))"
199887,199887,"(57441, np.float64(102.09215514727326)),(20518, np.float64(102.09215514727326)),(17833, np.float64(102.09215514727326)),(34425, np.float64(102.09215514727326)),(51564, np.float64(102.09215514727326)),(62141, np.float64(102.09215514727326)),(57928, np.float64(102.09215514727326)),(48641, np.float64(102.09215514727326)),(31965, np.float64(102.09215514727326)),(47684, np.float64(102.09215514727326))"
200098,200098,"(57441, np.float64(102.09215514727326)),(20518, np.float64(102.09215514727326)),(17833, np.float64(102.09215514727326)),(34425, np.float64(102.09215514727326)),(51564, np.float64(102.09215514727326)),(62141, np.float64(102.09215514727326)),(57928, np.float64(102.09215514727326)),(48641, np.float64(102.09215514727326)),(31965, np.float64(102.09215514727326)),(47684, np.float64(102.09215514727326))"
200347,200347,"(57441, np.float64(102.09215514727326)),(20518, np.float64(102.09215514727326)),(17833, np.float64(102.09215514727326)),(34425, np.float64(102.09215514727326)),(51564, np.float64(102.09215514727326)),(62141, np.float64(102.09215514727326)),(57928, np.float64(102.09215514727326)),(48641, np.float64(102.09215514727326)),(31965, np.float64(102.09215514727326)),(47684, np.float64(102.09215514727326))"
200395,200395,"(57441, np.float64(102.09215514727326)),(20518, np.float64(102.09215514727326)),(17833, np.float64(102.09215514727326)),(34425, np.float64(102.09215514727326)),(51564, np.float64(102.09215514727326)),(62141, np.float64(102.09215514727326)),(57928, np.float64(102.09215514727326)),(48641, np.float64(102.09215514727326)),(31965, np.float64(102.09215514727326)),(47684, np.float64(102.09215514727326))"
200784,200784,"(57441, np.float64(102.09215514727326)),(20518, np.float64(102.09215514727326)),(17833, np.float64(102.09215514727326)),(34425, np.float64(102.09215514727326)),(51564, np.float64(102.09215514727326)),(62141, np.float64(102.09215514727326)),(57928, np.float64(102.09215514727326)),(48641, np.float64(102.09215514727326)),(31965, np.float64(102.09215514727326)),(47684, np.float64(102.09215514727326))"
201062,201062,"(57441, np.float64(102.09215514727326)),(20518, np.float64(102.09215514727326)),(17833, np.float64(102.09215514727326)),(34425, np.float64(102.09215514727326)),(51564, np.float64(102.09215514727326)),(62141, np.float64(102.09215514727326)),(57928, np.float64(102.09215514727326)),(48641, np.float64(102.09215514727326)),(31965, np.float64(102.09215514727326)),(47684, np.float64(102.09215514727326))"
201233,201233,"(57441, np.float64(102.09215514727326)),(20518, np.float64(102.09215514727326)),(17833, np.float64(102.09215514727326)),(34425, np.float64(102.09215514727326)),(51564, np.float64(102.09215514727326)),(62141, np.float64(102.09215514727326)),(57928, np.float64(102.09215514727326)),(48641, np.float64(102.09215514727326)),(31965, np.float64(102.09215514727326)),(47684, np.float64(102.09215514727326))"
201777,201777,"(57441, np.float64(102.09215514727326)),(20518, np.float64(102.09215514727326)),(17833, np.float64(102.09215514727326)),(34425, np.float64(102.09215514727326)),(51564, np.float64(102.09215514727326)),(62141, np.float64(102.09215514727326)),(57928, np.float64(102.09215514727326)),(48641, np.float64(102.09215514727326)),(31965, np.float64(102.09215514727326)),(47684, np.float64(102.09215514727326))"
201782,201782,"(57441, np.float64(102.09215514727326)),(20518, np.float64(102.09215514727326)),(17833, np.float64(102.09215514727326)),(34425, np.float64(102.09215514727326)),(51564, np.float64(102.09215514727326)),(62141, np.float64(102.09215514727326)),(57928, np.float64(102.09215514727326)),(48641, np.float64(102.09215514727326)),(31965, np.float64(102.09215514727326)),(47684, np.float64(102.09215514727326))"
202079,202079,"(57441, np.float64(102.09215514727326)),(20518, np.float64(102.09215514727326)),(17833, np.float64(102.09215514727326)),(34425, np.float64(102.09215514727326)),(51564, np.float64(102.09215514727326)),(62141, np.float64(102.09215514727326)),(57928, np.float64(102.09215514727326)),(48641, np.float64(102.09215514727326)),(31965, np.float64(102.09215514727326)),(47684, np.float64(102.09215514727326))"
202459,202459,"(57441, np.float64(102.09215514727326)),(20518, np.float64(102.09215514727326)),(17833, np.float64(102.09215514727326)),(34425, np.float64(102.09215514727326)),(51564, np.float64(102.09215514727326)),(62141, np.float64(102.09215514727326)),(57928, np.float64(102.09215514727326)),(48641, np.float64(102.09215514727326)),(31965, np.float64(102.09215514727326)),(47684, np.float64(102.09215514727326))"
202704,202704,"(57441, np.float64(102.09215514727326)),(20518, np.float64(102.09215514727326)),(17833, np.float64(102.09215514727326)),(34425, np.float64(102.09215514727326)),(51564, np.float64(102.09215514727326)),(62141, np.float64(102.09215514727326)),(57928, np.float64(102.09215514727326)),(48641, np.float64(102.09215514727326)),(31965, np.float64(102.09215514727326)),(47684, np.float64(102.09215514727326))"
202758,202758,"(57441, np.float64(102.09215514727326)),(20518, np.float64(102.09215514727326)),(17833, np.float64(102.09215514727326)),(34425, np.float64(102.09215514727326)),(51564, np.float64(102.09215514727326)),(62141, np.float64(102.09215514727326)),(57928, np.float64(102.09215514727326)),(48641, np.float64(102.09215514727326)),(31965, np.float64(102.09215514727326)),(47684, np.float64(102.09215514727326))"
202877,202877,"(57441, np.float64(102.09215514727326)),(20518, np.float64(102.09215514727326)),(17833, np.float64(102.09215514727326)),(34425, np.float64(102.09215514727326)),(51564, np.float64(102.09215514727326)),(62141, np.float64(102.09215514727326)),(57928, np.float64(102.09215514727326)),(48641, np.float64(102.09215514727326)),(31965, np.float64(102.09215514727326)),(47684, np.float64(102.09215514727326))"
203533,203533,"(57441, np.float64(102.09215514727326)),(20518, np.float64(102.09215514727326)),(17833, np.float64(102.09215514727326)),(34425, np.float64(102.09215514727326)),(51564, np.float64(102.09215514727326)),(62141, np.float64(102.09215514727326)),(57928, np.float64(102.09215514727326)),(48641, np.float64(102.09215514727326)),(31965, np.float64(102.09215514727326)),(47684, np.float64(102.09215514727326))"
203934,203934,"(57441, np.float64(102.09215514727326)),(20518, np.float64(102.09215514727326)),(17833, np.float64(102.09215514727326)),(34425, np.float64(102.09215514727326)),(51564, np.float64(102.09215514727326)),(62141, np.float64(102.09215514727326)),(57928, np.float64(102.09215514727326)),(48641, np.float64(102.09215514727326)),(31965, np.float64(102.09215514727326)),(47684, np.float64(102.09215514727326))"
203963,203963,"(57441, np.float64(102.09215514727326)),(20518, np.float64(102.09215514727326)),(17833, np.float64(102.09215514727326)),(34425, np.float64(102.09215514727326)),(51564, np.float64(102.09215514727326)),(62141, np.float64(102.09215514727326)),(57928, np.float64(102.09215514727326)),(48641, np.float64(102.09215514727326)),(31965, np.float64(102.09215514727326)),(47684, np.float64(102.09215514727326))"
204103,204103,"20518,17833,34425,51564,62141,48641,47684,8412,44271,14278"
204424,204424,"(57441, np.float64(102.09215514727326)),(20518, np.float64(102.09215514727326)),(17833, np.float64(102.09215514727326)),(34425, np.float64(102.09215514727326)),(51564, np.float64(102.09215514727326)),(62141, np.float64(102.09215514727326)),(57928, np.float64(102.09215514727326)),(48641, np.float64(102.09215514727326)),(31965, np.float64(102.09215514727326)),(47684, np.float64(102.09215514727326))"
204766,204766,"(57441, np.float64(102.09215514727326)),(20518, np.float64(102.09215514727326)),(17833, np.float64(102.09215514727326)),(34425, np.float64(102.09215514727326)),(51564, np.float64(102.09215514727326)),(62141, np.float64(102.09215514727326)),(57928, np.float64(102.09215514727326)),(48641, np.float64(102.09215514727326)),(31965, np.float64(102.09215514727326)),(47684, np.float64(102.09215514727326))"
205235,205235,"(57441, np.float64(102.09215514727326)),(20518, np.float64(102.09215514727326)),(17833, np.float64(102.09215514727326)),(34425, np.float64(102.09215514727326)),(51564, np.float64(102.09215514727326)),(62141, np.float64(102.09215514727326)),(57928, np.float64(102.09215514727326)),(48641, np.float64(102.09215514727326)),(31965, np.float64(102.09215514727326)),(47684, np.float64(102.09215514727326))"
206207,206207,"20518,17833,34425,51564,62141,48641,47684,8412,44271,14278"
206218,206218,"(57441, np.float64(102.09215514727326)),(20518, np.float64(102.09215514727326)),(17833, np.float64(102.09215514727326)),(34425, np.float64(102.09215514727326)),(51564, np.float64(102.09215514727326)),(62141, np.float64(102.09215514727326)),(57928, np.float64(102.09215514727326)),(48641, np.float64(102.09215514727326)),(31965, np.float64(102.09215514727326)),(47684, np.float64(102.09215514727326))"
206778,206778,"(57441, np.float64(102.09215514727326)),(20518, np.float64(102.09215514727326)),(17833, np.float64(102.09215514727326)),(34425, np.float64(102.09215514727326)),(51564, np.float64(102.09215514727326)),(62141, np.float64(102.09215514727326)),(57928, np.float64(102.09215514727326)),(48641, np.float64(102.09215514727326)),(31965, np.float64(102.09215514727326)),(47684, np.float64(102.09215514727326))"
208037,208037,"(57441, np.float64(102.09215514727326)),(20518, np.float64(102.09215514727326)),(17833, np.float64(102.09215514727326)),(34425, np.float64(102.09215514727326)),(51564, np.float64(102.09215514727326)),(62141, np.float64(102.09215514727326)),(57928, np.float64(102.09215514727326)),(48641, np.float64(102.09215514727326)),(31965, np.float64(102.09215514727326)),(47684, np.float64(102.09215514727326))"
208439,208439,"(57441, np.float64(102.09215514727326)),(20518, np.float64(102.09215514727326)),(17833, np.float64(102.09215514727326)),(34425, np.float64(102.09215514727326)),(51564, np.float64(102.09215514727326)),(62141, np.float64(102.09215514727326)),(57928, np.float64(102.09215514727326)),(48641, np.float64(102.09215514727326)),(31965, np.float64(102.09215514727326)),(47684, np.float64(102.09215514727326))"
208664,208664,"(57441, np.float64(102.09215514727326)),(20518, np.float64(102.09215514727326)),(17833, np.float64(102.09215514727326)),(34425, np.float64(102.09215514727326)),(51564, np.float64(102.09215514727326)),(62141, np.float64(102.09215514727326)),(57928, np.float64(102.09215514727326)),(48641, np.float64(102.09215514727326)),(31965, np.float64(102.09215514727326)),(47684, np.float64(102.09215514727326))"
209698,209698,"20518,17833,34425,51564,62141,48641,47684,8412,44271,14278"
209706,209706,"(57441, np.float64(102.09215514727326)),(20518, np.float64(102.09215514727326)),(17833, np.float64(102.09215514727326)),(34425, np.float64(102.09215514727326)),(51564, np.float64(102.09215514727326)),(62141, np.float64(102.09215514727326)),(57928, np.float64(102.09215514727326)),(48641, np.float64(102.09215514727326)),(31965, np.float64(102.09215514727326)),(47684, np.float64(102.09215514727326))"
209746,209746,"(57441, np.float64(102.09215514727326)),(20518, np.float64(102.09215514727326)),(17833, np.float64(102.09215514727326)),(34425, np.float64(102.09215514727326)),(51564, np.float64(102.09215514727326)),(62141, np.float64(102.09215514727326)),(57928, np.float64(102.09215514727326)),(48641, np.float64(102.09215514727326)),(31965, np.float64(102.09215514727326)),(47684, np.float64(102.09215514727326))"
209943,209943,"(57441, np.float64(102.09215514727326)),(20518, np.float64(102.09215514727326)),(17833, np.float64(102.09215514727326)),(34425, np.float64(102.09215514727326)),(51564, np.float64(102.09215514727326)),(62141, np.float64(102.09215514727326)),(57928, np.float64(102.09215514727326)),(48641, np.float64(102.09215514727326)),(31965, np.float64(102.09215514727326)),(47684, np.float64(102.09215514727326))"
210351,210351,"(57441, np.float64(102.09215514727326)),(20518, np.float64(102.09215514727326)),(17833, np.float64(102.09215514727326)),(34425, np.float64(102.09215514727326)),(51564, np.float64(102.09215514727326)),(62141, np.float64(102.09215514727326)),(57928, np.float64(102.09215514727326)),(48641, np.float64(102.09215514727326)),(31965, np.float64(102.09215514727326)),(47684, np.float64(102.09215514727326))"
210414,210414,"(57441, np.float64(102.09215514727326)),(20518, np.float64(102.09215514727326)),(17833, np.float64(102.09215514727326)),(34425, np.float64(102.09215514727326)),(51564, np.float64(102.09215514727326)),(62141, np.float64(102.09215514727326)),(57928, np.float64(102.09215514727326)),(48641, np.float64(102.09215514727326)),(31965, np.float64(102.09215514727326)),(47684, np.float64(102.09215514727326))"
211191,211191,"(57441, np.float64(102.09215514727326)),(20518, np.float64(102.09215514727326)),(17833, np.float64(102.09215514727326)),(34425, np.float64(102.09215514727326)),(51564, np.float64(102.09215514727326)),(62141, np.float64(102.09215514727326)),(57928, np.float64(102.09215514727326)),(48641, np.float64(102.09215514727326)),(31965, np.float64(102.09215514727326)),(47684, np.float64(102.09215514727326))"
211222,211222,"(57441, np.float64(102.09215514727326)),(20518, np.float64(102.09215514727326)),(17833, np.float64(102.09215514727326)),(34425, np.float64(102.09215514727326)),(51564, np.float64(102.09215514727326)),(62141, np.float64(102.09215514727326)),(57928, np.float64(102.09215514727326)),(48641, np.float64(102.09215514727326)),(31965, np.float64(102.09215514727326)),(47684, np.float64(102.09215514727326))"
211335,211335,"(57441, np.float64(102.09215514727326)),(20518, np.float64(102.09215514727326)),(17833, np.float64(102.09215514727326)),(34425, np.float64(102.09215514727326)),(51564, np.float64(102.09215514727326)),(62141, np.float64(102.09215514727326)),(57928, np.float64(102.09215514727326)),(48641, np.float64(102.09215514727326)),(31965, np.float64(102.09215514727326)),(47684, np.float64(102.09215514727326))"
212056,212056,"(57441, np.float64(102.09215514727326)),(20518, np.float64(102.09215514727326)),(17833, np.float64(102.09215514727326)),(34425, np.float64(102.09215514727326)),(51564, np.float64(102.09215514727326)),(62141, np.float64(102.09215514727326)),(57928, np.float64(102.09215514727326)),(48641, np.float64(102.09215514727326)),(31965, np.float64(102.09215514727326)),(47684, np.float64(102.09215514727326))"
212113,212113,"(57441, np.float64(102.09215514727326)),(20518, np.float64(102.09215514727326)),(17833, np.float64(102.09215514727326)),(34425, np.float64(102.09215514727326)),(51564, np.float64(102.09215514727326)),(62141, np.float64(102.09215514727326)),(57928, np.float64(102.09215514727326)),(48641, np.float64(102.09215514727326)),(31965, np.float64(102.09215514727326)),(47684, np.float64(102.09215514727326))"
212263,212263,"(57441, np.float64(102.09215514727326)),(20518, np.float64(102.09215514727326)),(17833, np.float64(102.09215514727326)),(34425, np.float64(102.09215514727326)),(51564, np.float64(102.09215514727326)),(62141, np.float64(102.09215514727326)),(57928, np.float64(102.09215514727326)),(48641, np.float64(102.09215514727326)),(31965, np.float64(102.09215514727326)),(47684, np.float64(102.09215514727326))"
212410,212410,"(57441, np.float64(102.09215514727326)),(20518, np.float64(102.09215514727326)),(17833, np.float64(102.09215514727326)),(34425, np.float64(102.09215514727326)),(51564, np.float64(102.09215514727326)),(62141, np.float64(102.09215514727326)),(57928, np.float64(102.09215514727326)),(48641, np.float64(102.09215514727326)),(31965, np.float64(102.09215514727326)),(47684, np.float64(102.09215514727326))"
212619,212619,"(57441, np.float64(102.09215514727326)),(20518, np.float64(102.09215514727326)),(17833, np.float64(102.09215514727326)),(34425, np.float64(102.09215514727326)),(51564, np.float64(102.09215514727326)),(62141, np.float64(102.09215514727326)),(57928, np.float64(102.09215514727326)),(48641, np.float64(102.09215514727326)),(31965, np.float64(102.09215514727326)),(47684, np.float64(102.09215514727326))"
213354,213354,"(57441, np.float64(102.09215514727326)),(20518, np.float64(102.09215514727326)),(17833, np.float64(102.09215514727326)),(34425, np.float64(102.09215514727326)),(51564, np.float64(102.09215514727326)),(62141, np.float64(102.09215514727326)),(57928, np.float64(102.09215514727326)),(48641, np.float64(102.09215514727326)),(31965, np.float64(102.09215514727326)),(47684, np.float64(102.09215514727326))"
213367,213367,"(57441, np.float64(102.09215514727326)),(20518, np.float64(102.09215514727326)),(17833, np.float64(102.09215514727326)),(34425, np.float64(102.09215514727326)),(51564, np.float64(102.09215514727326)),(62141, np.float64(102.09215514727326)),(57928, np.float64(102.09215514727326)),(48641, np.float64(102.09215514727326)),(31965, np.float64(102.09215514727326)),(47684, np.float64(102.09215514727326))"
213622,213622,"(57441, np.float64(102.09215514727326)),(20518, np.float64(102.09215514727326)),(17833, np.float64(102.09215514727326)),(34425, np.float64(102.09215514727326)),(51564, np.float64(102.09215514727326)),(62141, np.float64(102.09215514727326)),(57928, np.float64(102.09215514727326)),(48641, np.float64(102.09215514727326)),(31965, np.float64(102.09215514727326)),(47684, np.float64(102.09215514727326))"
213875,213875,"(57441, np.float64(102.09215514727326)),(20518, np.float64(102.09215514727326)),(17833, np.float64(102.09215514727326)),(34425, np.float64(102.09215514727326)),(51564, np.float64(102.09215514727326)),(62141, np.float64(102.09215514727326)),(57928, np.float64(102.09215514727326)),(48641, np.float64(102.09215514727326)),(31965, np.float64(102.09215514727326)),(47684, np.float64(102.09215514727326))"
214168,214168,"(57441, np.float64(102.09215514727326)),(20518, np.float64(102.09215514727326)),(17833, np.float64(102.09215514727326)),(34425, np.float64(102.09215514727326)),(51564, np.float64(102.09215514727326)),(62141, np.float64(102.09215514727326)),(57928, np.float64(102.09215514727326)),(48641, np.float64(102.09215514727326)),(31965, np.float64(102.09215514727326)),(47684, np.float64(102.09215514727326))"
214404,214404,"(57441, np.float64(102.09215514727326)),(20518, np.float64(102.09215514727326)),(17833, np.float64(102.09215514727326)),(34425, np.float64(102.09215514727326)),(51564, np.float64(102.09215514727326)),(62141, np.float64(102.09215514727326)),(57928, np.float64(102.09215514727326)),(48641, np.float64(102.09215514727326)),(31965, np.float64(102.09215514727326)),(47684, np.float64(102.09215514727326))"
215504,215504,"(57441, np.float64(102.09215514727326)),(20518, np.float64(102.09215514727326)),(17833, np.float64(102.09215514727326)),(34425, np.float64(102.09215514727326)),(51564, np.float64(102.09215514727326)),(62141, np.float64(102.09215514727326)),(57928, np.float64(102.09215514727326)),(48641, np.float64(102.09215514727326)),(31965, np.float64(102.09215514727326)),(47684, np.float64(102.09215514727326))"
215624,215624,"(57441, np.float64(102.09215514727326)),(20518, np.float64(102.09215514727326)),(17833, np.float64(102.09215514727326)),(34425, np.float64(102.09215514727326)),(51564, np.float64(102.09215514727326)),(62141, np.float64(102.09215514727326)),(57928, np.float64(102.09215514727326)),(48641, np.float64(102.09215514727326)),(31965, np.float64(102.09215514727326)),(47684, np.float64(102.09215514727326))"
215793,215793,"(57441, np.float64(102.09215514727326)),(20518, np.float64(102.09215514727326)),(17833, np.float64(102.09215514727326)),(34425, np.float64(102.09215514727326)),(51564, np.float64(102.09215514727326)),(62141, np.float64(102.09215514727326)),(57928, np.float64(102.09215514727326)),(48641, np.float64(102.09215514727326)),(31965, np.float64(102.09215514727326)),(47684, np.float64(102.09215514727326))"
215910,215910,"(57441, np.float64(102.09215514727326)),(20518, np.float64(102.09215514727326)),(17833, np.float64(102.09215514727326)),(34425, np.float64(102.09215514727326)),(51564, np.float64(102.09215514727326)),(62141, np.float64(102.09215514727326)),(57928, np.float64(102.09215514727326)),(48641, np.float64(102.09215514727326)),(31965, np.float64(102.09215514727326)),(47684, np.float64(102.09215514727326))"
216233,216233,"(57441, np.float64(102.09215514727326)),(20518, np.float64(102.09215514727326)),(17833, np.float64(102.09215514727326)),(34425, np.float64(102.09215514727326)),(51564, np.float64(102.09215514727326)),(62141, np.float64(102.09215514727326)),(57928, np.float64(102.09215514727326)),(48641, np.float64(102.09215514727326)),(31965, np.float64(102.09215514727326)),(47684, np.float64(102.09215514727326))"
216931,216931,"(57441, np.float64(102.09215514727326)),(20518, np.float64(102.09215514727326)),(17833, np.float64(102.09215514727326)),(34425, np.float64(102.09215514727326)),(51564, np.float64(102.09215514727326)),(62141, np.float64(102.09215514727326)),(57928, np.float64(102.09215514727326)),(48641, np.float64(102.09215514727326)),(31965, np.float64(102.09215514727326)),(47684, np.float64(102.09215514727326))"
217215,217215,"(57441, np.float64(102.09215514727326)),(20518, np.float64(102.09215514727326)),(17833, np.float64(102.09215514727326)),(34425, np.float64(102.09215514727326)),(51564, np.float64(102.09215514727326)),(62141, np.float64(102.09215514727326)),(57928, np.float64(102.09215514727326)),(48641, np.float64(102.09215514727326)),(31965, np.float64(102.09215514727326)),(47684, np.float64(102.09215514727326))"
217378,217378,"(57441, np.float64(102.09215514727326)),(20518, np.float64(102.09215514727326)),(17833, np.float64(102.09215514727326)),(34425, np.float64(102.09215514727326)),(51564, np.float64(102.09215514727326)),(62141, np.float64(102.09215514727326)),(57928, np.float64(102.09215514727326)),(48641, np.float64(102.09215514727326)),(31965, np.float64(102.09215514727326)),(47684, np.float64(102.09215514727326))"
217387,217387,"(57441, np.float64(102.09215514727326)),(20518, np.float64(102.09215514727326)),(17833, np.float64(102.09215514727326)),(34425, np.float64(102.09215514727326)),(51564, np.float64(102.09215514727326)),(62141, np.float64(102.09215514727326)),(57928, np.float64(102.09215514727326)),(48641, np.float64(102.09215514727326)),(31965, np.float64(102.09215514727326)),(47684, np.float64(102.09215514727326))"
217546,217546,"(57441, np.float64(102.09215514727326)),(20518, np.float64(102.09215514727326)),(17833, np.float64(102.09215514727326)),(34425, np.float64(102.09215514727326)),(51564, np.float64(102.09215514727326)),(62141, np.float64(102.09215514727326)),(57928, np.float64(102.09215514727326)),(48641, np.float64(102.09215514727326)),(31965, np.float64(102.09215514727326)),(47684, np.float64(102.09215514727326))"
218052,218052,"(57441, np.float64(102.09215514727326)),(20518, np.float64(102.09215514727326)),(17833, np.float64(102.09215514727326)),(34425, np.float64(102.09215514727326)),(51564, np.float64(102.09215514727326)),(62141, np.float64(102.09215514727326)),(57928, np.float64(102.09215514727326)),(48641, np.float64(102.09215514727326)),(31965, np.float64(102.09215514727326)),(47684, np.float64(102.09215514727326))"
218187,218187,"(57441, np.float64(102.09215514727326)),(20518, np.float64(102.09215514727326)),(17833, np.float64(102.09215514727326)),(34425, np.float64(102.09215514727326)),(51564, np.float64(102.09215514727326)),(62141, np.float64(102.09215514727326)),(57928, np.float64(102.09215514727326)),(48641, np.float64(102.09215514727326)),(31965, np.float64(102.09215514727326)),(47684, np.float64(102.09215514727326))"
218486,218486,"(57441, np.float64(102.09215514727326)),(20518, np.float64(102.09215514727326)),(17833, np.float64(102.09215514727326)),(34425, np.float64(102.09215514727326)),(51564, np.float64(102.09215514727326)),(62141, np.float64(102.09215514727326)),(57928, np.float64(102.09215514727326)),(48641, np.float64(102.09215514727326)),(31965, np.float64(102.09215514727326)),(47684, np.float64(102.09215514727326))"
218721,218721,"(57441, np.float64(102.09215514727326)),(20518, np.float64(102.09215514727326)),(17833, np.float64(102.09215514727326)),(34425, np.float64(102.09215514727326)),(51564, np.float64(102.09215514727326)),(62141, np.float64(102.09215514727326)),(57928, np.float64(102.09215514727326)),(48641, np.float64(102.09215514727326)),(31965, np.float64(102.09215514727326)),(47684, np.float64(102.09215514727326))"
219212,219212,"(57441, np.float64(102.09215514727326)),(20518, np.float64(102.09215514727326)),(17833, np.float64(102.09215514727326)),(34425, np.float64(102.09215514727326)),(51564, np.float64(102.09215514727326)),(62141, np.float64(102.09215514727326)),(57928, np.float64(102.09215514727326)),(48641, np.float64(102.09215514727326)),(31965, np.float64(102.09215514727326)),(47684, np.float64(102.09215514727326))"
219397,219397,"(57441, np.float64(102.09215514727326)),(20518, np.float64(102.09215514727326)),(17833, np.float64(102.09215514727326)),(34425, np.float64(102.09215514727326)),(51564, np.float64(102.09215514727326)),(62141, np.float64(102.09215514727326)),(57928, np.float64(102.09215514727326)),(48641, np.float64(102.09215514727326)),(31965, np.float64(102.09215514727326)),(47684, np.float64(102.09215514727326))"
219697,219697,"(57441, np.float64(102.09215514727326)),(20518, np.float64(102.09215514727326)),(17833, np.float64(102.09215514727326)),(34425, np.float64(102.09215514727326)),(51564, np.float64(102.09215514727326)),(62141, np.float64(102.09215514727326)),(57928, np.float64(102.09215514727326)),(48641, np.float64(102.09215514727326)),(31965, np.float64(102.09215514727326)),(47684, np.float64(102.09215514727326))"
220075,220075,"(57441, np.float64(102.09215514727326)),(20518, np.float64(102.09215514727326)),(17833, np.float64(102.09215514727326)),(34425, np.float64(102.09215514727326)),(51564, np.float64(102.09215514727326)),(62141, np.float64(102.09215514727326)),(57928, np.float64(102.09215514727326)),(48641, np.float64(102.09215514727326)),(31965, np.float64(102.09215514727326)),(47684, np.float64(102.09215514727326))"
220481,220481,"(57441, np.float64(102.09215514727326)),(20518, np.float64(102.09215514727326)),(17833, np.float64(102.09215514727326)),(34425, np.float64(102.09215514727326)),(51564, np.float64(102.09215514727326)),(62141, np.float64(102.09215514727326)),(57928, np.float64(102.09215514727326)),(48641, np.float64(102.09215514727326)),(31965, np.float64(102.09215514727326)),(47684, np.float64(102.09215514727326))"
220664,220664,"(57441, np.float64(102.09215514727326)),(20518, np.float64(102.09215514727326)),(17833, np.float64(102.09215514727326)),(34425, np.float64(102.09215514727326)),(51564, np.float64(102.09215514727326)),(62141, np.float64(102.09215514727326)),(57928, np.float64(102.09215514727326)),(48641, np.float64(102.09215514727326)),(31965, np.float64(102.09215514727326)),(47684, np.float64(102.09215514727326))"
221434,221434,"(57441, np.float64(102.09215514727326)),(20518, np.float64(102.09215514727326)),(17833, np.float64(102.09215514727326)),(34425, np.float64(102.09215514727326)),(51564, np.float64(102.09215514727326)),(62141, np.float64(102.09215514727326)),(57928, np.float64(102.09215514727326)),(48641, np.float64(102.09215514727326)),(31965, np.float64(102.09215514727326)),(47684, np.float64(102.09215514727326))"
221484,221484,"(57441, np.float64(102.09215514727326)),(20518, np.float64(102.09215514727326)),(17833, np.float64(102.09215514727326)),(34425, np.float64(102.09215514727326)),(51564, np.float64(102.09215514727326)),(62141, np.float64(102.09215514727326)),(57928, np.float64(102.09215514727326)),(48641, np.float64(102.09215514727326)),(31965, np.float64(102.09215514727326)),(47684, np.float64(102.09215514727326))"
221833,221833,"(57441, np.float64(102.09215514727326)),(20518, np.float64(102.09215514727326)),(17833, np.float64(102.09215514727326)),(34425, np.float64(102.09215514727326)),(51564, np.float64(102.09215514727326)),(62141, np.float64(102.09215514727326)),(57928, np.float64(102.09215514727326)),(48641, np.float64(102.09215514727326)),(31965, np.float64(102.09215514727326)),(47684, np.float64(102.09215514727326))"
221869,221869,"(57441, np.float64(102.09215514727326)),(20518, np.float64(102.09215514727326)),(17833, np.float64(102.09215514727326)),(34425, np.float64(102.09215514727326)),(51564, np.float64(102.09215514727326)),(62141, np.float64(102.09215514727326)),(57928, np.float64(102.09215514727326)),(48641, np.float64(102.09215514727326)),(31965, np.float64(102.09215514727326)),(47684, np.float64(102.09215514727326))"
222160,222160,"(57441, np.float64(102.09215514727326)),(20518, np.float64(102.09215514727326)),(17833, np.float64(102.09215514727326)),(34425, np.float64(102.09215514727326)),(51564, np.float64(102.09215514727326)),(62141, np.float64(102.09215514727326)),(57928, np.float64(102.09215514727326)),(48641, np.float64(102.09215514727326)),(31965, np.float64(102.09215514727326)),(47684, np.float64(102.09215514727326))"
222290,222290,"(57441, np.float64(102.09215514727326)),(20518, np.float64(102.09215514727326)),(17833, np.float64(102.09215514727326)),(34425, np.float64(102.09215514727326)),(51564, np.float64(102.09215514727326)),(62141, np.float64(102.09215514727326)),(57928, np.float64(102.09215514727326)),(48641, np.float64(102.09215514727326)),(31965, np.float64(102.09215514727326)),(47684, np.float64(102.09215514727326))"
222509,222509,"(57441, np.float64(102.09215514727326)),(20518, np.float64(102.09215514727326)),(17833, np.float64(102.09215514727326)),(34425, np.float64(102.09215514727326)),(51564, np.float64(102.09215514727326)),(62141, np.float64(102.09215514727326)),(57928, np.float64(102.09215514727326)),(48641, np.float64(102.09215514727326)),(31965, np.float64(102.09215514727326)),(47684, np.float64(102.09215514727326))"
222541,222541,"(57441, np.float64(102.09215514727326)),(20518, np.float64(102.09215514727326)),(17833, np.float64(102.09215514727326)),(34425, np.float64(102.09215514727326)),(51564, np.float64(102.09215514727326)),(62141, np.float64(102.09215514727326)),(57928, np.float64(102.09215514727326)),(48641, np.float64(102.09215514727326)),(31965, np.float64(102.09215514727326)),(47684, np.float64(102.09215514727326))"
223012,223012,"(57441, np.float64(102.09215514727326)),(20518, np.float64(102.09215514727326)),(17833, np.float64(102.09215514727326)),(34425, np.float64(102.09215514727326)),(51564, np.float64(102.09215514727326)),(62141, np.float64(102.09215514727326)),(57928, np.float64(102.09215514727326)),(48641, np.float64(102.09215514727326)),(31965, np.float64(102.09215514727326)),(47684, np.float64(102.09215514727326))"
223079,223079,"(57441, np.float64(102.09215514727326)),(20518, np.float64(102.09215514727326)),(17833, np.float64(102.09215514727326)),(34425, np.float64(102.09215514727326)),(51564, np.float64(102.09215514727326)),(62141, np.float64(102.09215514727326)),(57928, np.float64(102.09215514727326)),(48641, np.float64(102.09215514727326)),(31965, np.float64(102.09215514727326)),(47684, np.float64(102.09215514727326))"
223092,223092,"(57441, np.float64(102.09215514727326)),(20518, np.float64(102.09215514727326)),(17833, np.float64(102.09215514727326)),(34425, np.float64(102.09215514727326)),(51564, np.float64(102.09215514727326)),(62141, np.float64(102.09215514727326)),(57928, np.float64(102.09215514727326)),(48641, np.float64(102.09215514727326)),(31965, np.float64(102.09215514727326)),(47684, np.float64(102.09215514727326))"
223109,223109,"(57441, np.float64(102.09215514727326)),(20518, np.float64(102.09215514727326)),(17833, np.float64(102.09215514727326)),(34425, np.float64(102.09215514727326)),(51564, np.float64(102.09215514727326)),(62141, np.float64(102.09215514727326)),(57928, np.float64(102.09215514727326)),(48641, np.float64(102.09215514727326)),(31965, np.float64(102.09215514727326)),(47684, np.float64(102.09215514727326))"
223578,223578,"(57441, np.float64(102.09215514727326)),(20518, np.float64(102.09215514727326)),(17833, np.float64(102.09215514727326)),(34425, np.float64(102.09215514727326)),(51564, np.float64(102.09215514727326)),(62141, np.float64(102.09215514727326)),(57928, np.float64(102.09215514727326)),(48641, np.float64(102.09215514727326)),(31965, np.float64(102.09215514727326)),(47684, np.float64(102.09215514727326))"
223863,223863,"(57441, np.float64(102.09215514727326)),(20518, np.float64(102.09215514727326)),(17833, np.float64(102.09215514727326)),(34425, np.float64(102.09215514727326)),(51564, np.float64(102.09215514727326)),(62141, np.float64(102.09215514727326)),(57928, np.float64(102.09215514727326)),(48641, np.float64(102.09215514727326)),(31965, np.float64(102.09215514727326)),(47684, np.float64(102.09215514727326))"
223976,223976,"(57441, np.float64(102.09215514727326)),(20518, np.float64(102.09215514727326)),(17833, np.float64(102.09215514727326)),(34425, np.float64(102.09215514727326)),(51564, np.float64(102.09215514727326)),(62141, np.float64(102.09215514727326)),(57928, np.float64(102.09215514727326)),(48641, np.float64(102.09215514727326)),(31965, np.float64(102.09215514727326)),(47684, np.float64(102.09215514727326))"
224041,224041,"(57441, np.float64(102.09215514727326)),(20518, np.float64(102.09215514727326)),(17833, np.float64(102.09215514727326)),(34425, np.float64(102.09215514727326)),(51564, np.float64(102.09215514727326)),(62141, np.float64(102.09215514727326)),(57928, np.float64(102.09215514727326)),(48641, np.float64(102.09215514727326)),(31965, np.float64(102.09215514727326)),(47684, np.float64(102.09215514727326))"
224048,224048,"(57441, np.float64(102.09215514727326)),(20518, np.float64(102.09215514727326)),(17833, np.float64(102.09215514727326)),(34425, np.float64(102.09215514727326)),(51564, np.float64(102.09215514727326)),(62141, np.float64(102.09215514727326)),(57928, np.float64(102.09215514727326)),(48641, np.float64(102.09215514727326)),(31965, np.float64(102.09215514727326)),(47684, np.float64(102.09215514727326))"
224661,224661,"(57441, np.float64(102.09215514727326)),(20518, np.float64(102.09215514727326)),(17833, np.float64(102.09215514727326)),(34425, np.float64(102.09215514727326)),(51564, np.float64(102.09215514727326)),(62141, np.float64(102.09215514727326)),(57928, np.float64(102.09215514727326)),(48641, np.float64(102.09215514727326)),(31965, np.float64(102.09215514727326)),(47684, np.float64(102.09215514727326))"
225149,225149,"(57441, np.float64(102.09215514727326)),(20518, np.float64(102.09215514727326)),(17833, np.float64(102.09215514727326)),(34425, np.float64(102.09215514727326)),(51564, np.float64(102.09215514727326)),(62141, np.float64(102.09215514727326)),(57928, np.float64(102.09215514727326)),(48641, np.float64(102.09215514727326)),(31965, np.float64(102.09215514727326)),(47684, np.float64(102.09215514727326))"
225281,225281,"(57441, np.float64(102.09215514727326)),(20518, np.float64(102.09215514727326)),(17833, np.float64(102.09215514727326)),(34425, np.float64(102.09215514727326)),(51564, np.float64(102.09215514727326)),(62141, np.float64(102.09215514727326)),(57928, np.float64(102.09215514727326)),(48641, np.float64(102.09215514727326)),(31965, np.float64(102.09215514727326)),(47684, np.float64(102.09215514727326))"
225317,225317,"(57441, np.float64(102.09215514727326)),(20518, np.float64(102.09215514727326)),(17833, np.float64(102.09215514727326)),(34425, np.float64(102.09215514727326)),(51564, np.float64(102.09215514727326)),(62141, np.float64(102.09215514727326)),(57928, np.float64(102.09215514727326)),(48641, np.float64(102.09215514727326)),(31965, np.float64(102.09215514727326)),(47684, np.float64(102.09215514727326))"
226227,226227,"(57441, np.float64(102.09215514727326)),(20518, np.float64(102.09215514727326)),(17833, np.float64(102.09215514727326)),(34425, np.float64(102.09215514727326)),(51564, np.float64(102.09215514727326)),(62141, np.float64(102.09215514727326)),(57928, np.float64(102.09215514727326)),(48641, np.float64(102.09215514727326)),(31965, np.float64(102.09215514727326)),(47684, np.float64(102.09215514727326))"
226627,226627,"20518,17833,34425,51564,62141,48641,47684,8412,44271,14278"
226972,226972,"(57441, np.float64(102.09215514727326)),(20518, np.float64(102.09215514727326)),(17833, np.float64(102.09215514727326)),(34425, np.float64(102.09215514727326)),(51564, np.float64(102.09215514727326)),(62141, np.float64(102.09215514727326)),(57928, np.float64(102.09215514727326)),(48641, np.float64(102.09215514727326)),(31965, np.float64(102.09215514727326)),(47684, np.float64(102.09215514727326))"
227022,227022,"(57441, np.float64(102.09215514727326)),(20518, np.float64(102.09215514727326)),(17833, np.float64(102.09215514727326)),(34425, np.float64(102.09215514727326)),(51564, np.float64(102.09215514727326)),(62141, np.float64(102.09215514727326)),(57928, np.float64(102.09215514727326)),(48641, np.float64(102.09215514727326)),(31965, np.float64(102.09215514727326)),(47684, np.float64(102.09215514727326))"
227448,227448,"(57441, np.float64(102.09215514727326)),(20518, np.float64(102.09215514727326)),(17833, np.float64(102.09215514727326)),(34425, np.float64(102.09215514727326)),(51564, np.float64(102.09215514727326)),(62141, np.float64(102.09215514727326)),(57928, np.float64(102.09215514727326)),(48641, np.float64(102.09215514727326)),(31965, np.float64(102.09215514727326)),(47684, np.float64(102.09215514727326))"
227683,227683,"20518,17833,34425,51564,62141,48641,47684,8412,44271,14278"
227817,227817,"(57441, np.float64(102.09215514727326)),(20518, np.float64(102.09215514727326)),(17833, np.float64(102.09215514727326)),(34425, np.float64(102.09215514727326)),(51564, np.float64(102.09215514727326)),(62141, np.float64(102.09215514727326)),(57928, np.float64(102.09215514727326)),(48641, np.float64(102.09215514727326)),(31965, np.float64(102.09215514727326)),(47684, np.float64(102.09215514727326))"
229142,229142,"(57441, np.float64(102.09215514727326)),(20518, np.float64(102.09215514727326)),(17833, np.float64(102.09215514727326)),(34425, np.float64(102.09215514727326)),(51564, np.float64(102.09215514727326)),(62141, np.float64(102.09215514727326)),(57928, np.float64(102.09215514727326)),(48641, np.float64(102.09215514727326)),(31965, np.float64(102.09215514727326)),(47684, np.float64(102.09215514727326))"
229212,229212,"(57441, np.float64(102.09215514727326)),(20518, np.float64(102.09215514727326)),(17833, np.float64(102.09215514727326)),(34425, np.float64(102.09215514727326)),(51564, np.float64(102.09215514727326)),(62141, np.float64(102.09215514727326)),(57928, np.float64(102.09215514727326)),(48641, np.float64(102.09215514727326)),(31965, np.float64(102.09215514727326)),(47684, np.float64(102.09215514727326))"
229558,229558,"(57441, np.float64(102.09215514727326)),(20518, np.float64(102.09215514727326)),(17833, np.float64(102.09215514727326)),(34425, np.float64(102.09215514727326)),(51564, np.float64(102.09215514727326)),(62141, np.float64(102.09215514727326)),(57928, np.float64(102.09215514727326)),(48641, np.float64(102.09215514727326)),(31965, np.float64(102.09215514727326)),(47684, np.float64(102.09215514727326))"
229789,229789,"(57441, np.float64(102.09215514727326)),(20518, np.float64(102.09215514727326)),(17833, np.float64(102.09215514727326)),(34425, np.float64(102.09215514727326)),(51564, np.float64(102.09215514727326)),(62141, np.float64(102.09215514727326)),(57928, np.float64(102.09215514727326)),(48641, np.float64(102.09215514727326)),(31965, np.float64(102.09215514727326)),(47684, np.float64(102.09215514727326))"
230068,230068,"(57441, np.float64(102.09215514727326)),(20518, np.float64(102.09215514727326)),(17833, np.float64(102.09215514727326)),(34425, np.float64(102.09215514727326)),(51564, np.float64(102.09215514727326)),(62141, np.float64(102.09215514727326)),(57928, np.float64(102.09215514727326)),(48641, np.float64(102.09215514727326)),(31965, np.float64(102.09215514727326)),(47684, np.float64(102.09215514727326))"
230081,230081,"(57441, np.float64(102.09215514727326)),(20518, np.float64(102.09215514727326)),(17833, np.float64(102.09215514727326)),(34425, np.float64(102.09215514727326)),(51564, np.float64(102.09215514727326)),(62141, np.float64(102.09215514727326)),(57928, np.float64(102.09215514727326)),(48641, np.float64(102.09215514727326)),(31965, np.float64(102.09215514727326)),(47684, np.float64(102.09215514727326))"
230139,230139,"20518,17833,34425,51564,62141,48641,47684,8412,44271,14278"
230160,230160,"(57441, np.float64(102.09215514727326)),(20518, np.float64(102.09215514727326)),(17833, np.float64(102.09215514727326)),(34425, np.float64(102.09215514727326)),(51564, np.float64(102.09215514727326)),(62141, np.float64(102.09215514727326)),(57928, np.float64(102.09215514727326)),(48641, np.float64(102.09215514727326)),(31965, np.float64(102.09215514727326)),(47684, np.float64(102.09215514727326))"
230169,230169,"(57441, np.float64(102.09215514727326)),(20518, np.float64(102.09215514727326)),(17833, np.float64(102.09215514727326)),(34425, np.float64(102.09215514727326)),(51564, np.float64(102.09215514727326)),(62141, np.float64(102.09215514727326)),(57928, np.float64(102.09215514727326)),(48641, np.float64(102.09215514727326)),(31965, np.float64(102.09215514727326)),(47684, np.float64(102.09215514727326))"
230641,230641,"(57441, np.float64(102.09215514727326)),(20518, np.float64(102.09215514727326)),(17833, np.float64(102.09215514727326)),(34425, np.float64(102.09215514727326)),(51564, np.float64(102.09215514727326)),(62141, np.float64(102.09215514727326)),(57928, np.float64(102.09215514727326)),(48641, np.float64(102.09215514727326)),(31965, np.float64(102.09215514727326)),(47684, np.float64(102.09215514727326))"
230787,230787,"(57441, np.float64(102.09215514727326)),(20518, np.float64(102.09215514727326)),(17833, np.float64(102.09215514727326)),(34425, np.float64(102.09215514727326)),(51564, np.float64(102.09215514727326)),(62141, np.float64(102.09215514727326)),(57928, np.float64(102.09215514727326)),(48641, np.float64(102.09215514727326)),(31965, np.float64(102.09215514727326)),(47684, np.float64(102.09215514727326))"
230953,230953,"(57441, np.float64(102.09215514727326)),(20518, np.float64(102.09215514727326)),(17833, np.float64(102.09215514727326)),(34425, np.float64(102.09215514727326)),(51564, np.float64(102.09215514727326)),(62141, np.float64(102.09215514727326)),(57928, np.float64(102.09215514727326)),(48641, np.float64(102.09215514727326)),(31965, np.float64(102.09215514727326)),(47684, np.float64(102.09215514727326))"
231157,231157,"(57441, np.float64(102.09215514727326)),(20518, np.float64(102.09215514727326)),(17833, np.float64(102.09215514727326)),(34425, np.float64(102.09215514727326)),(51564, np.float64(102.09215514727326)),(62141, np.float64(102.09215514727326)),(57928, np.float64(102.09215514727326)),(48641, np.float64(102.09215514727326)),(31965, np.float64(102.09215514727326)),(47684, np.float64(102.09215514727326))"
231254,231254,"(57441, np.float64(102.09215514727326)),(20518, np.float64(102.09215514727326)),(17833, np.float64(102.09215514727326)),(34425, np.float64(102.09215514727326)),(51564, np.float64(102.09215514727326)),(62141, np.float64(102.09215514727326)),(57928, np.float64(102.09215514727326)),(48641, np.float64(102.09215514727326)),(31965, np.float64(102.09215514727326)),(47684, np.float64(102.09215514727326))"
231284,231284,"(57441, np.float64(102.09215514727326)),(20518, np.float64(102.09215514727326)),(17833, np.float64(102.09215514727326)),(34425, np.float64(102.09215514727326)),(51564, np.float64(102.09215514727326)),(62141, np.float64(102.09215514727326)),(57928, np.float64(102.09215514727326)),(48641, np.float64(102.09215514727326)),(31965, np.float64(102.09215514727326)),(47684, np.float64(102.09215514727326))"
232083,232083,"(57441, np.float64(102.09215514727326)),(20518, np.float64(102.09215514727326)),(17833, np.float64(102.09215514727326)),(34425, np.float64(102.09215514727326)),(51564, np.float64(102.09215514727326)),(62141, np.float64(102.09215514727326)),(57928, np.float64(102.09215514727326)),(48641, np.float64(102.09215514727326)),(31965, np.float64(102.09215514727326)),(47684, np.float64(102.09215514727326))"
232938,232938,"(57441, np.float64(102.09215514727326)),(20518, np.float64(102.09215514727326)),(17833, np.float64(102.09215514727326)),(34425, np.float64(102.09215514727326)),(51564, np.float64(102.09215514727326)),(62141, np.float64(102.09215514727326)),(57928, np.float64(102.09215514727326)),(48641, np.float64(102.09215514727326)),(31965, np.float64(102.09215514727326)),(47684, np.float64(102.09215514727326))"
233077,233077,"(57441, np.float64(102.09215514727326)),(20518, np.float64(102.09215514727326)),(17833, np.float64(102.09215514727326)),(34425, np.float64(102.09215514727326)),(51564, np.float64(102.09215514727326)),(62141, np.float64(102.09215514727326)),(57928, np.float64(102.09215514727326)),(48641, np.float64(102.09215514727326)),(31965, np.float64(102.09215514727326)),(47684, np.float64(102.09215514727326))"
234427,234427,"(57441, np.float64(102.09215514727326)),(20518, np.float64(102.09215514727326)),(17833, np.float64(102.09215514727326)),(34425, np.float64(102.09215514727326)),(51564, np.float64(102.09215514727326)),(62141, np.float64(102.09215514727326)),(57928, np.float64(102.09215514727326)),(48641, np.float64(102.09215514727326)),(31965, np.float64(102.09215514727326)),(47684, np.float64(102.09215514727326))"
234433,234433,"(57441, np.float64(102.09215514727326)),(20518, np.float64(102.09215514727326)),(17833, np.float64(102.09215514727326)),(34425, np.float64(102.09215514727326)),(51564, np.float64(102.09215514727326)),(62141, np.float64(102.09215514727326)),(57928, np.float64(102.09215514727326)),(48641, np.float64(102.09215514727326)),(31965, np.float64(102.09215514727326)),(47684, np.float64(102.09215514727326))"
235062,235062,"(57441, np.float64(102.09215514727326)),(20518, np.float64(102.09215514727326)),(17833, np.float64(102.09215514727326)),(34425, np.float64(102.09215514727326)),(51564, np.float64(102.09215514727326)),(62141, np.float64(102.09215514727326)),(57928, np.float64(102.09215514727326)),(48641, np.float64(102.09215514727326)),(31965, np.float64(102.09215514727326)),(47684, np.float64(102.09215514727326))"
235089,235089,"(57441, np.float64(102.09215514727326)),(20518, np.float64(102.09215514727326)),(17833, np.float64(102.09215514727326)),(34425, np.float64(102.09215514727326)),(51564, np.float64(102.09215514727326)),(62141, np.float64(102.09215514727326)),(57928, np.float64(102.09215514727326)),(48641, np.float64(102.09215514727326)),(31965, np.float64(102.09215514727326)),(47684, np.float64(102.09215514727326))"
235299,235299,"(57441, np.float64(102.09215514727326)),(20518, np.float64(102.09215514727326)),(17833, np.float64(102.09215514727326)),(34425, np.float64(102.09215514727326)),(51564, np.float64(102.09215514727326)),(62141, np.float64(102.09215514727326)),(57928, np.float64(102.09215514727326)),(48641, np.float64(102.09215514727326)),(31965, np.float64(102.09215514727326)),(47684, np.float64(102.09215514727326))"
236155,236155,"(57441, np.float64(102.09215514727326)),(20518, np.float64(102.09215514727326)),(17833, np.float64(102.09215514727326)),(34425, np.float64(102.09215514727326)),(51564, np.float64(102.09215514727326)),(62141, np.float64(102.09215514727326)),(57928, np.float64(102.09215514727326)),(48641, np.float64(102.09215514727326)),(31965, np.float64(102.09215514727326)),(47684, np.float64(102.09215514727326))"
236230,236230,"(57441, np.float64(102.09215514727326)),(20518, np.float64(102.09215514727326)),(17833, np.float64(102.09215514727326)),(34425, np.float64(102.09215514727326)),(51564, np.float64(102.09215514727326)),(62141, np.float64(102.09215514727326)),(57928, np.float64(102.09215514727326)),(48641, np.float64(102.09215514727326)),(31965, np.float64(102.09215514727326)),(47684, np.float64(102.09215514727326))"
236586,236586,"(57441, np.float64(102.09215514727326)),(20518, np.float64(102.09215514727326)),(17833, np.float64(102.09215514727326)),(34425, np.float64(102.09215514727326)),(51564, np.float64(102.09215514727326)),(62141, np.float64(102.09215514727326)),(57928, np.float64(102.09215514727326)),(48641, np.float64(102.09215514727326)),(31965, np.float64(102.09215514727326)),(47684, np.float64(102.09215514727326))"
237764,237764,"(57441, np.float64(102.09215514727326)),(20518, np.float64(102.09215514727326)),(17833, np.float64(102.09215514727326)),(34425, np.float64(102.09215514727326)),(51564, np.float64(102.09215514727326)),(62141, np.float64(102.09215514727326)),(57928, np.float64(102.09215514727326)),(48641, np.float64(102.09215514727326)),(31965, np.float64(102.09215514727326)),(47684, np.float64(102.09215514727326))"
237902,237902,"(57441, np.float64(102.09215514727326)),(20518, np.float64(102.09215514727326)),(17833, np.float64(102.09215514727326)),(34425, np.float64(102.09215514727326)),(51564, np.float64(102.09215514727326)),(62141, np.float64(102.09215514727326)),(57928, np.float64(102.09215514727326)),(48641, np.float64(102.09215514727326)),(31965, np.float64(102.09215514727326)),(47684, np.float64(102.09215514727326))"
238553,238553,"(57441, np.float64(102.09215514727326)),(20518, np.float64(102.09215514727326)),(17833, np.float64(102.09215514727326)),(34425, np.float64(102.09215514727326)),(51564, np.float64(102.09215514727326)),(62141, np.float64(102.09215514727326)),(57928, np.float64(102.09215514727326)),(48641, np.float64(102.09215514727326)),(31965, np.float64(102.09215514727326)),(47684, np.float64(102.09215514727326))"
239091,239091,"(57441, np.float64(102.09215514727326)),(20518, np.float64(102.09215514727326)),(17833, np.float64(102.09215514727326)),(34425, np.float64(102.09215514727326)),(51564, np.float64(102.09215514727326)),(62141, np.float64(102.09215514727326)),(57928, np.float64(102.09215514727326)),(48641, np.float64(102.09215514727326)),(31965, np.float64(102.09215514727326)),(47684, np.float64(102.09215514727326))"
239140,239140,"(57441, np.float64(102.09215514727326)),(20518, np.float64(102.09215514727326)),(17833, np.float64(102.09215514727326)),(34425, np.float64(102.09215514727326)),(51564, np.float64(102.09215514727326)),(62141, np.float64(102.09215514727326)),(57928, np.float64(102.09215514727326)),(48641, np.float64(102.09215514727326)),(31965, np.float64(102.09215514727326)),(47684, np.float64(102.09215514727326))"
239970,239970,"(57441, np.float64(102.09215514727326)),(20518, np.float64(102.09215514727326)),(17833, np.float64(102.09215514727326)),(34425, np.float64(102.09215514727326)),(51564, np.float64(102.09215514727326)),(62141, np.float64(102.09215514727326)),(57928, np.float64(102.09215514727326)),(48641, np.float64(102.09215514727326)),(31965, np.float64(102.09215514727326)),(47684, np.float64(102.09215514727326))"
239971,239971,"(57441, np.float64(102.09215514727326)),(20518, np.float64(102.09215514727326)),(17833, np.float64(102.09215514727326)),(34425, np.float64(102.09215514727326)),(51564, np.float64(102.09215514727326)),(62141, np.float64(102.09215514727326)),(57928, np.float64(102.09215514727326)),(48641, np.float64(102.09215514727326)),(31965, np.float64(102.09215514727326)),(47684, np.float64(102.09215514727326))"
240067,240067,"(57441, np.float64(102.09215514727326)),(20518, np.float64(102.09215514727326)),(17833, np.float64(102.09215514727326)),(34425, np.float64(102.09215514727326)),(51564, np.float64(102.09215514727326)),(62141, np.float64(102.09215514727326)),(57928, np.float64(102.09215514727326)),(48641, np.float64(102.09215514727326)),(31965, np.float64(102.09215514727326)),(47684, np.float64(102.09215514727326))"
240399,240399,"(57441, np.float64(102.09215514727326)),(20518, np.float64(102.09215514727326)),(17833, np.float64(102.09215514727326)),(34425, np.float64(102.09215514727326)),(51564, np.float64(102.09215514727326)),(62141, np.float64(102.09215514727326)),(57928, np.float64(102.09215514727326)),(48641, np.float64(102.09215514727326)),(31965, np.float64(102.09215514727326)),(47684, np.float64(102.09215514727326))"
240705,240705,"(57441, np.float64(102.09215514727326)),(20518, np.float64(102.09215514727326)),(17833, np.float64(102.09215514727326)),(34425, np.float64(102.09215514727326)),(51564, np.float64(102.09215514727326)),(62141, np.float64(102.09215514727326)),(57928, np.float64(102.09215514727326)),(48641, np.float64(102.09215514727326)),(31965, np.float64(102.09215514727326)),(47684, np.float64(102.09215514727326))"
241036,241036,"(57441, np.float64(102.09215514727326)),(20518, np.float64(102.09215514727326)),(17833, np.float64(102.09215514727326)),(34425, np.float64(102.09215514727326)),(51564, np.float64(102.09215514727326)),(62141, np.float64(102.09215514727326)),(57928, np.float64(102.09215514727326)),(48641, np.float64(102.09215514727326)),(31965, np.float64(102.09215514727326)),(47684, np.float64(102.09215514727326))"
241104,241104,"6164,20518,17833,34425,51564,62141,48641,47684,8412,44271"
241240,241240,"(57441, np.float64(102.09215514727326)),(20518, np.float64(102.09215514727326)),(17833, np.float64(102.09215514727326)),(34425, np.float64(102.09215514727326)),(51564, np.float64(102.09215514727326)),(62141, np.float64(102.09215514727326)),(57928, np.float64(102.09215514727326)),(48641, np.float64(102.09215514727326)),(31965, np.float64(102.09215514727326)),(47684, np.float64(102.09215514727326))"
241861,241861,"(57441, np.float64(102.09215514727326)),(20518, np.float64(102.09215514727326)),(17833, np.float64(102.09215514727326)),(34425, np.float64(102.09215514727326)),(51564, np.float64(102.09215514727326)),(62141, np.float64(102.09215514727326)),(57928, np.float64(102.09215514727326)),(48641, np.float64(102.09215514727326)),(31965, np.float64(102.09215514727326)),(47684, np.float64(102.09215514727326))"
242783,242783,"(57441, np.float64(102.09215514727326)),(20518, np.float64(102.09215514727326)),(17833, np.float64(102.09215514727326)),(34425, np.float64(102.09215514727326)),(51564, np.float64(102.09215514727326)),(62141, np.float64(102.09215514727326)),(57928, np.float64(102.09215514727326)),(48641, np.float64(102.09215514727326)),(31965, np.float64(102.09215514727326)),(47684, np.float64(102.09215514727326))"
243016,243016,"(57441, np.float64(102.09215514727326)),(20518, np.float64(102.09215514727326)),(17833, np.float64(102.09215514727326)),(34425, np.float64(102.09215514727326)),(51564, np.float64(102.09215514727326)),(62141, np.float64(102.09215514727326)),(57928, np.float64(102.09215514727326)),(48641, np.float64(102.09215514727326)),(31965, np.float64(102.09215514727326)),(47684, np.float64(102.09215514727326))"
243126,243126,"(57441, np.float64(102.09215514727326)),(20518, np.float64(102.09215514727326)),(17833, np.float64(102.09215514727326)),(34425, np.float64(102.09215514727326)),(51564, np.float64(102.09215514727326)),(62141, np.float64(102.09215514727326)),(57928, np.float64(102.09215514727326)),(48641, np.float64(102.09215514727326)),(31965, np.float64(102.09215514727326)),(47684, np.float64(102.09215514727326))"
243160,243160,"(57441, np.float64(102.09215514727326)),(20518, np.float64(102.09215514727326)),(17833, np.float64(102.09215514727326)),(34425, np.float64(102.09215514727326)),(51564, np.float64(102.09215514727326)),(62141, np.float64(102.09215514727326)),(57928, np.float64(102.09215514727326)),(48641, np.float64(102.09215514727326)),(31965, np.float64(102.09215514727326)),(47684, np.float64(102.09215514727326))"
243361,243361,"(57441, np.float64(102.09215514727326)),(20518, np.float64(102.09215514727326)),(17833, np.float64(102.09215514727326)),(34425, np.float64(102.09215514727326)),(51564, np.float64(102.09215514727326)),(62141, np.float64(102.09215514727326)),(57928, np.float64(102.09215514727326)),(48641, np.float64(102.09215514727326)),(31965, np.float64(102.09215514727326)),(47684, np.float64(102.09215514727326))"
243763,243763,"(57441, np.float64(102.09215514727326)),(20518, np.float64(102.09215514727326)),(17833, np.float64(102.09215514727326)),(34425, np.float64(102.09215514727326)),(51564, np.float64(102.09215514727326)),(62141, np.float64(102.09215514727326)),(57928, np.float64(102.09215514727326)),(48641, np.float64(102.09215514727326)),(31965, np.float64(102.09215514727326)),(47684, np.float64(102.09215514727326))"
243904,243904,"(57441, np.float64(102.09215514727326)),(20518, np.float64(102.09215514727326)),(17833, np.float64(102.09215514727326)),(34425, np.float64(102.09215514727326)),(51564, np.float64(102.09215514727326)),(62141, np.float64(102.09215514727326)),(57928, np.float64(102.09215514727326)),(48641, np.float64(102.09215514727326)),(31965, np.float64(102.09215514727326)),(47684, np.float64(102.09215514727326))"
244214,244214,"(57441, np.float64(102.09215514727326)),(20518, np.float64(102.09215514727326)),(17833, np.float64(102.09215514727326)),(34425, np.float64(102.09215514727326)),(51564, np.float64(102.09215514727326)),(62141, np.float64(102.09215514727326)),(57928, np.float64(102.09215514727326)),(48641, np.float64(102.09215514727326)),(31965, np.float64(102.09215514727326)),(47684, np.float64(102.09215514727326))"
244716,244716,"(57441, np.float64(102.09215514727326)),(20518, np.float64(102.09215514727326)),(17833, np.float64(102.09215514727326)),(34425, np.float64(102.09215514727326)),(51564, np.float64(102.09215514727326)),(62141, np.float64(102.09215514727326)),(57928, np.float64(102.09215514727326)),(48641, np.float64(102.09215514727326)),(31965, np.float64(102.09215514727326)),(47684, np.float64(102.09215514727326))"
245317,245317,"(57441, np.float64(102.09215514727326)),(20518, np.float64(102.09215514727326)),(17833, np.float64(102.09215514727326)),(34425, np.float64(102.09215514727326)),(51564, np.float64(102.09215514727326)),(62141, np.float64(102.09215514727326)),(57928, np.float64(102.09215514727326)),(48641, np.float64(102.09215514727326)),(31965, np.float64(102.09215514727326)),(47684, np.float64(102.09215514727326))"
245752,245752,"20518,17833,34425,51564,62141,48641,47684,8412,44271,14278"
246626,246626,"(57441, np.float64(102.09215514727326)),(20518, np.float64(102.09215514727326)),(17833, np.float64(102.09215514727326)),(34425, np.float64(102.09215514727326)),(51564, np.float64(102.09215514727326)),(62141, np.float64(102.09215514727326)),(57928, np.float64(102.09215514727326)),(48641, np.float64(102.09215514727326)),(31965, np.float64(102.09215514727326)),(47684, np.float64(102.09215514727326))"
246721,246721,"(57441, np.float64(102.09215514727326)),(20518, np.float64(102.09215514727326)),(17833, np.float64(102.09215514727326)),(34425, np.float64(102.09215514727326)),(51564, np.float64(102.09215514727326)),(62141, np.float64(102.09215514727326)),(57928, np.float64(102.09215514727326)),(48641, np.float64(102.09215514727326)),(31965, np.float64(102.09215514727326)),(47684, np.float64(102.09215514727326))"
246951,246951,"(57441, np.float64(102.09215514727326)),(20518, np.float64(102.09215514727326)),(17833, np.float64(102.09215514727326)),(34425, np.float64(102.09215514727326)),(51564, np.float64(102.09215514727326)),(62141, np.float64(102.09215514727326)),(57928, np.float64(102.09215514727326)),(48641, np.float64(102.09215514727326)),(31965, np.float64(102.09215514727326)),(47684, np.float64(102.09215514727326))"
247019,247019,"(57441, np.float64(102.09215514727326)),(20518, np.float64(102.09215514727326)),(17833, np.float64(102.09215514727326)),(34425, np.float64(102.09215514727326)),(51564, np.float64(102.09215514727326)),(62141, np.float64(102.09215514727326)),(57928, np.float64(102.09215514727326)),(48641, np.float64(102.09215514727326)),(31965, np.float64(102.09215514727326)),(47684, np.float64(102.09215514727326))"
247070,247070,"(57441, np.float64(102.09215514727326)),(20518, np.float64(102.09215514727326)),(17833, np.float64(102.09215514727326)),(34425, np.float64(102.09215514727326)),(51564, np.float64(102.09215514727326)),(62141, np.float64(102.09215514727326)),(57928, np.float64(102.09215514727326)),(48641, np.float64(102.09215514727326)),(31965, np.float64(102.09215514727326)),(47684, np.float64(102.09215514727326))"
247619,247619,"(57441, np.float64(102.09215514727326)),(20518, np.float64(102.09215514727326)),(17833, np.float64(102.09215514727326)),(34425, np.float64(102.09215514727326)),(51564, np.float64(102.09215514727326)),(62141, np.float64(102.09215514727326)),(57928, np.float64(102.09215514727326)),(48641, np.float64(102.09215514727326)),(31965, np.float64(102.09215514727326)),(47684, np.float64(102.09215514727326))"
248088,248088,"(57441, np.float64(102.09215514727326)),(20518, np.float64(102.09215514727326)),(17833, np.float64(102.09215514727326)),(34425, np.float64(102.09215514727326)),(51564, np.float64(102.09215514727326)),(62141, np.float64(102.09215514727326)),(57928, np.float64(102.09215514727326)),(48641, np.float64(102.09215514727326)),(31965, np.float64(102.09215514727326)),(47684, np.float64(102.09215514727326))"
248851,248851,"(57441, np.float64(102.09215514727326)),(20518, np.float64(102.09215514727326)),(17833, np.float64(102.09215514727326)),(34425, np.float64(102.09215514727326)),(51564, np.float64(102.09215514727326)),(62141, np.float64(102.09215514727326)),(57928, np.float64(102.09215514727326)),(48641, np.float64(102.09215514727326)),(31965, np.float64(102.09215514727326)),(47684, np.float64(102.09215514727326))"
249771,249771,"(57441, np.float64(102.09215514727326)),(20518, np.float64(102.09215514727326)),(17833, np.float64(102.09215514727326)),(34425, np.float64(102.09215514727326)),(51564, np.float64(102.09215514727326)),(62141, np.float64(102.09215514727326)),(57928, np.float64(102.09215514727326)),(48641, np.float64(102.09215514727326)),(31965, np.float64(102.09215514727326)),(47684, np.float64(102.09215514727326))"
249824,249824,"(57441, np.float64(102.09215514727326)),(20518, np.float64(102.09215514727326)),(17833, np.float64(102.09215514727326)),(34425, np.float64(102.09215514727326)),(51564, np.float64(102.09215514727326)),(62141, np.float64(102.09215514727326)),(57928, np.float64(102.09215514727326)),(48641, np.float64(102.09215514727326)),(31965, np.float64(102.09215514727326)),(47684, np.float64(102.09215514727326))"
250206,250206,"(57441, np.float64(102.09215514727326)),(20518, np.float64(102.09215514727326)),(17833, np.float64(102.09215514727326)),(34425, np.float64(102.09215514727326)),(51564, np.float64(102.09215514727326)),(62141, np.float64(102.09215514727326)),(57928, np.float64(102.09215514727326)),(48641, np.float64(102.09215514727326)),(31965, np.float64(102.09215514727326)),(47684, np.float64(102.09215514727326))"
250503,250503,"(57441, np.float64(102.09215514727326)),(20518, np.float64(102.09215514727326)),(17833, np.float64(102.09215514727326)),(34425, np.float64(102.09215514727326)),(51564, np.float64(102.09215514727326)),(62141, np.float64(102.09215514727326)),(57928, np.float64(102.09215514727326)),(48641, np.float64(102.09215514727326)),(31965, np.float64(102.09215514727326)),(47684, np.float64(102.09215514727326))"
250594,250594,"(57441, np.float64(102.09215514727326)),(20518, np.float64(102.09215514727326)),(17833, np.float64(102.09215514727326)),(34425, np.float64(102.09215514727326)),(51564, np.float64(102.09215514727326)),(62141, np.float64(102.09215514727326)),(57928, np.float64(102.09215514727326)),(48641, np.float64(102.09215514727326)),(31965, np.float64(102.09215514727326)),(47684, np.float64(102.09215514727326))"
250895,250895,"(57441, np.float64(102.09215514727326)),(20518, np.float64(102.09215514727326)),(17833, np.float64(102.09215514727326)),(34425, np.float64(102.09215514727326)),(51564, np.float64(102.09215514727326)),(62141, np.float64(102.09215514727326)),(57928, np.float64(102.09215514727326)),(48641, np.float64(102.09215514727326)),(31965, np.float64(102.09215514727326)),(47684, np.float64(102.09215514727326))"
251101,251101,"(57441, np.float64(102.09215514727326)),(20518, np.float64(102.09215514727326)),(17833, np.float64(102.09215514727326)),(34425, np.float64(102.09215514727326)),(51564, np.float64(102.09215514727326)),(62141, np.float64(102.09215514727326)),(57928, np.float64(102.09215514727326)),(48641, np.float64(102.09215514727326)),(31965, np.float64(102.09215514727326)),(47684, np.float64(102.09215514727326))"
251383,251383,"(57441, np.float64(102.09215514727326)),(20518, np.float64(102.09215514727326)),(17833, np.float64(102.09215514727326)),(34425, np.float64(102.09215514727326)),(51564, np.float64(102.09215514727326)),(62141, np.float64(102.09215514727326)),(57928, np.float64(102.09215514727326)),(48641, np.float64(102.09215514727326)),(31965, np.float64(102.09215514727326)),(47684, np.float64(102.09215514727326))"
251387,251387,"(57441, np.float64(102.09215514727326)),(20518, np.float64(102.09215514727326)),(17833, np.float64(102.09215514727326)),(34425, np.float64(102.09215514727326)),(51564, np.float64(102.09215514727326)),(62141, np.float64(102.09215514727326)),(57928, np.float64(102.09215514727326)),(48641, np.float64(102.09215514727326)),(31965, np.float64(102.09215514727326)),(47684, np.float64(102.09215514727326))"
251649,251649,"(57441, np.float64(102.09215514727326)),(20518, np.float64(102.09215514727326)),(17833, np.float64(102.09215514727326)),(34425, np.float64(102.09215514727326)),(51564, np.float64(102.09215514727326)),(62141, np.float64(102.09215514727326)),(57928, np.float64(102.09215514727326)),(48641, np.float64(102.09215514727326)),(31965, np.float64(102.09215514727326)),(47684, np.float64(102.09215514727326))"
251768,251768,"(57441, np.float64(102.09215514727326)),(20518, np.float64(102.09215514727326)),(17833, np.float64(102.09215514727326)),(34425, np.float64(102.09215514727326)),(51564, np.float64(102.09215514727326)),(62141, np.float64(102.09215514727326)),(57928, np.float64(102.09215514727326)),(48641, np.float64(102.09215514727326)),(31965, np.float64(102.09215514727326)),(47684, np.float64(102.09215514727326))"
252324,252324,"(57441, np.float64(102.09215514727326)),(20518, np.float64(102.09215514727326)),(17833, np.float64(102.09215514727326)),(34425, np.float64(102.09215514727326)),(51564, np.float64(102.09215514727326)),(62141, np.float64(102.09215514727326)),(57928, np.float64(102.09215514727326)),(48641, np.float64(102.09215514727326)),(31965, np.float64(102.09215514727326)),(47684, np.float64(102.09215514727326))"
252702,252702,"(57441, np.float64(102.09215514727326)),(20518, np.float64(102.09215514727326)),(17833, np.float64(102.09215514727326)),(34425, np.float64(102.09215514727326)),(51564, np.float64(102.09215514727326)),(62141, np.float64(102.09215514727326)),(57928, np.float64(102.09215514727326)),(48641, np.float64(102.09215514727326)),(31965, np.float64(102.09215514727326)),(47684, np.float64(102.09215514727326))"
253294,253294,"(57441, np.float64(102.09215514727326)),(20518, np.float64(102.09215514727326)),(17833, np.float64(102.09215514727326)),(34425, np.float64(102.09215514727326)),(51564, np.float64(102.09215514727326)),(62141, np.float64(102.09215514727326)),(57928, np.float64(102.09215514727326)),(48641, np.float64(102.09215514727326)),(31965, np.float64(102.09215514727326)),(47684, np.float64(102.09215514727326))"
253425,253425,"(57441, np.float64(102.09215514727326)),(20518, np.float64(102.09215514727326)),(17833, np.float64(102.09215514727326)),(34425, np.float64(102.09215514727326)),(51564, np.float64(102.09215514727326)),(62141, np.float64(102.09215514727326)),(57928, np.float64(102.09215514727326)),(48641, np.float64(102.09215514727326)),(31965, np.float64(102.09215514727326)),(47684, np.float64(102.09215514727326))"
253858,253858,"(57441, np.float64(102.09215514727326)),(20518, np.float64(102.09215514727326)),(17833, np.float64(102.09215514727326)),(34425, np.float64(102.09215514727326)),(51564, np.float64(102.09215514727326)),(62141, np.float64(102.09215514727326)),(57928, np.float64(102.09215514727326)),(48641, np.float64(102.09215514727326)),(31965, np.float64(102.09215514727326)),(47684, np.float64(102.09215514727326))"
253923,253923,"(57441, np.float64(102.09215514727326)),(20518, np.float64(102.09215514727326)),(17833, np.float64(102.09215514727326)),(34425, np.float64(102.09215514727326)),(51564, np.float64(102.09215514727326)),(62141, np.float64(102.09215514727326)),(57928, np.float64(102.09215514727326)),(48641, np.float64(102.09215514727326)),(31965, np.float64(102.09215514727326)),(47684, np.float64(102.09215514727326))"
254163,254163,"20518,17833,34425,51564,62141,48641,47684,8412,44271,14278"
255499,255499,"(57441, np.float64(102.09215514727326)),(20518, np.float64(102.09215514727326)),(17833, np.float64(102.09215514727326)),(34425, np.float64(102.09215514727326)),(51564, np.float64(102.09215514727326)),(62141, np.float64(102.09215514727326)),(57928, np.float64(102.09215514727326)),(48641, np.float64(102.09215514727326)),(31965, np.float64(102.09215514727326)),(47684, np.float64(102.09215514727326))"
256088,256088,"(57441, np.float64(102.09215514727326)),(20518, np.float64(102.09215514727326)),(17833, np.float64(102.09215514727326)),(34425, np.float64(102.09215514727326)),(51564, np.float64(102.09215514727326)),(62141, np.float64(102.09215514727326)),(57928, np.float64(102.09215514727326)),(48641, np.float64(102.09215514727326)),(31965, np.float64(102.09215514727326)),(47684, np.float64(102.09215514727326))"
256326,256326,"(57441, np.float64(102.09215514727326)),(20518, np.float64(102.09215514727326)),(17833, np.float64(102.09215514727326)),(34425, np.float64(102.09215514727326)),(51564, np.float64(102.09215514727326)),(62141, np.float64(102.09215514727326)),(57928, np.float64(102.09215514727326)),(48641, np.float64(102.09215514727326)),(31965, np.float64(102.09215514727326)),(47684, np.float64(102.09215514727326))"
256790,256790,"20518,17833,34425,51564,62141,48641,47684,8412,44271,14278"
257225,257225,"(57441, np.float64(102.09215514727326)),(20518, np.float64(102.09215514727326)),(17833, np.float64(102.09215514727326)),(34425, np.float64(102.09215514727326)),(51564, np.float64(102.09215514727326)),(62141, np.float64(102.09215514727326)),(57928, np.float64(102.09215514727326)),(48641, np.float64(102.09215514727326)),(31965, np.float64(102.09215514727326)),(47684, np.float64(102.09215514727326))"
257370,257370,"(57441, np.float64(102.09215514727326)),(20518, np.float64(102.09215514727326)),(17833, np.float64(102.09215514727326)),(34425, np.float64(102.09215514727326)),(51564, np.float64(102.09215514727326)),(62141, np.float64(102.09215514727326)),(57928, np.float64(102.09215514727326)),(48641, np.float64(102.09215514727326)),(31965, np.float64(102.09215514727326)),(47684, np.float64(102.09215514727326))"
257767,257767,"(57441, np.float64(102.09215514727326)),(20518, np.float64(102.09215514727326)),(17833, np.float64(102.09215514727326)),(34425, np.float64(102.09215514727326)),(51564, np.float64(102.09215514727326)),(62141, np.float64(102.09215514727326)),(57928, np.float64(102.09215514727326)),(48641, np.float64(102.09215514727326)),(31965, np.float64(102.09215514727326)),(47684, np.float64(102.09215514727326))"
257790,257790,"(57441, np.float64(102.09215514727326)),(20518, np.float64(102.09215514727326)),(17833, np.float64(102.09215514727326)),(34425, np.float64(102.09215514727326)),(51564, np.float64(102.09215514727326)),(62141, np.float64(102.09215514727326)),(57928, np.float64(102.09215514727326)),(48641, np.float64(102.09215514727326)),(31965, np.float64(102.09215514727326)),(47684, np.float64(102.09215514727326))"
257797,257797,"(57441, np.float64(102.09215514727326)),(20518, np.float64(102.09215514727326)),(17833, np.float64(102.09215514727326)),(34425, np.float64(102.09215514727326)),(51564, np.float64(102.09215514727326)),(62141, np.float64(102.09215514727326)),(57928, np.float64(102.09215514727326)),(48641, np.float64(102.09215514727326)),(31965, np.float64(102.09215514727326)),(47684, np.float64(102.09215514727326))"
257872,257872,"(57441, np.float64(102.09215514727326)),(20518, np.float64(102.09215514727326)),(17833, np.float64(102.09215514727326)),(34425, np.float64(102.09215514727326)),(51564, np.float64(102.09215514727326)),(62141, np.float64(102.09215514727326)),(57928, np.float64(102.09215514727326)),(48641, np.float64(102.09215514727326)),(31965, np.float64(102.09215514727326)),(47684, np.float64(102.09215514727326))"
257984,257984,"(57441, np.float64(102.09215514727326)),(20518, np.float64(102.09215514727326)),(17833, np.float64(102.09215514727326)),(34425, np.float64(102.09215514727326)),(51564, np.float64(102.09215514727326)),(62141, np.float64(102.09215514727326)),(57928, np.float64(102.09215514727326)),(48641, np.float64(102.09215514727326)),(31965, np.float64(102.09215514727326)),(47684, np.float64(102.09215514727326))"
258196,258196,"(57441, np.float64(102.09215514727326)),(20518, np.float64(102.09215514727326)),(17833, np.float64(102.09215514727326)),(34425, np.float64(102.09215514727326)),(51564, np.float64(102.09215514727326)),(62141, np.float64(102.09215514727326)),(57928, np.float64(102.09215514727326)),(48641, np.float64(102.09215514727326)),(31965, np.float64(102.09215514727326)),(47684, np.float64(102.09215514727326))"
258318,258318,"(57441, np.float64(102.09215514727326)),(20518, np.float64(102.09215514727326)),(17833, np.float64(102.09215514727326)),(34425, np.float64(102.09215514727326)),(51564, np.float64(102.09215514727326)),(62141, np.float64(102.09215514727326)),(57928, np.float64(102.09215514727326)),(48641, np.float64(102.09215514727326)),(31965, np.float64(102.09215514727326)),(47684, np.float64(102.09215514727326))"
258774,258774,"(57441, np.float64(102.09215514727326)),(20518, np.float64(102.09215514727326)),(17833, np.float64(102.09215514727326)),(34425, np.float64(102.09215514727326)),(51564, np.float64(102.09215514727326)),(62141, np.float64(102.09215514727326)),(57928, np.float64(102.09215514727326)),(48641, np.float64(102.09215514727326)),(31965, np.float64(102.09215514727326)),(47684, np.float64(102.09215514727326))"
259089,259089,"(57441, np.float64(102.09215514727326)),(20518, np.float64(102.09215514727326)),(17833, np.float64(102.09215514727326)),(34425, np.float64(102.09215514727326)),(51564, np.float64(102.09215514727326)),(62141, np.float64(102.09215514727326)),(57928, np.float64(102.09215514727326)),(48641, np.float64(102.09215514727326)),(31965, np.float64(102.09215514727326)),(47684, np.float64(102.09215514727326))"
259659,259659,"(57441, np.float64(102.09215514727326)),(20518, np.float64(102.09215514727326)),(17833, np.float64(102.09215514727326)),(34425, np.float64(102.09215514727326)),(51564, np.float64(102.09215514727326)),(62141, np.float64(102.09215514727326)),(57928, np.float64(102.09215514727326)),(48641, np.float64(102.09215514727326)),(31965, np.float64(102.09215514727326)),(47684, np.float64(102.09215514727326))"
259716,259716,"20518,17833,34425,51564,62141,48641,47684,8412,44271,14278"
260727,260727,"(57441, np.float64(102.09215514727326)),(20518, np.float64(102.09215514727326)),(17833, np.float64(102.09215514727326)),(34425, np.float64(102.09215514727326)),(51564, np.float64(102.09215514727326)),(62141, np.float64(102.09215514727326)),(57928, np.float64(102.09215514727326)),(48641, np.float64(102.09215514727326)),(31965, np.float64(102.09215514727326)),(47684, np.float64(102.09215514727326))"
260969,260969,"(57441, np.float64(102.09215514727326)),(20518, np.float64(102.09215514727326)),(17833, np.float64(102.09215514727326)),(34425, np.float64(102.09215514727326)),(51564, np.float64(102.09215514727326)),(62141, np.float64(102.09215514727326)),(57928, np.float64(102.09215514727326)),(48641, np.float64(102.09215514727326)),(31965, np.float64(102.09215514727326)),(47684, np.float64(102.09215514727326))"
261281,261281,"(57441, np.float64(102.09215514727326)),(20518, np.float64(102.09215514727326)),(17833, np.float64(102.09215514727326)),(34425, np.float64(102.09215514727326)),(51564, np.float64(102.09215514727326)),(62141, np.float64(102.09215514727326)),(57928, np.float64(102.09215514727326)),(48641, np.float64(102.09215514727326)),(31965, np.float64(102.09215514727326)),(47684, np.float64(102.09215514727326))"
261427,261427,"(57441, np.float64(102.09215514727326)),(20518, np.float64(102.09215514727326)),(17833, np.float64(102.09215514727326)),(34425, np.float64(102.09215514727326)),(51564, np.float64(102.09215514727326)),(62141, np.float64(102.09215514727326)),(57928, np.float64(102.09215514727326)),(48641, np.float64(102.09215514727326)),(31965, np.float64(102.09215514727326)),(47684, np.float64(102.09215514727326))"
261566,261566,"(57441, np.float64(102.09215514727326)),(20518, np.float64(102.09215514727326)),(17833, np.float64(102.09215514727326)),(34425, np.float64(102.09215514727326)),(51564, np.float64(102.09215514727326)),(62141, np.float64(102.09215514727326)),(57928, np.float64(102.09215514727326)),(48641, np.float64(102.09215514727326)),(31965, np.float64(102.09215514727326)),(47684, np.float64(102.09215514727326))"
262161,262161,"(57441, np.float64(102.09215514727326)),(20518, np.float64(102.09215514727326)),(17833, np.float64(102.09215514727326)),(34425, np.float64(102.09215514727326)),(51564, np.float64(102.09215514727326)),(62141, np.float64(102.09215514727326)),(57928, np.float64(102.09215514727326)),(48641, np.float64(102.09215514727326)),(31965, np.float64(102.09215514727326)),(47684, np.float64(102.09215514727326))"
262588,262588,"(57441, np.float64(102.09215514727326)),(20518, np.float64(102.09215514727326)),(17833, np.float64(102.09215514727326)),(34425, np.float64(102.09215514727326)),(51564, np.float64(102.09215514727326)),(62141, np.float64(102.09215514727326)),(57928, np.float64(102.09215514727326)),(48641, np.float64(102.09215514727326)),(31965, np.float64(102.09215514727326)),(47684, np.float64(102.09215514727326))"
263157,263157,"(57441, np.float64(102.09215514727326)),(20518, np.float64(102.09215514727326)),(17833, np.float64(102.09215514727326)),(34425, np.float64(102.09215514727326)),(51564, np.float64(102.09215514727326)),(62141, np.float64(102.09215514727326)),(57928, np.float64(102.09215514727326)),(48641, np.float64(102.09215514727326)),(31965, np.float64(102.09215514727326)),(47684, np.float64(102.09215514727326))"
265621,265621,"20518,17833,34425,51564,62141,48641,47684,8412,44271,14278"
265797,265797,"(57441, np.float64(102.09215514727326)),(20518, np.float64(102.09215514727326)),(17833, np.float64(102.09215514727326)),(34425, np.float64(102.09215514727326)),(51564, np.float64(102.09215514727326)),(62141, np.float64(102.09215514727326)),(57928, np.float64(102.09215514727326)),(48641, np.float64(102.09215514727326)),(31965, np.float64(102.09215514727326)),(47684, np.float64(102.09215514727326))"
265948,265948,"(57441, np.float64(102.09215514727326)),(20518, np.float64(102.09215514727326)),(17833, np.float64(102.09215514727326)),(34425, np.float64(102.09215514727326)),(51564, np.float64(102.09215514727326)),(62141, np.float64(102.09215514727326)),(57928, np.float64(102.09215514727326)),(48641, np.float64(102.09215514727326)),(31965, np.float64(102.09215514727326)),(47684, np.float64(102.09215514727326))"
266772,266772,"(57441, np.float64(102.09215514727326)),(20518, np.float64(102.09215514727326)),(17833, np.float64(102.09215514727326)),(34425, np.float64(102.09215514727326)),(51564, np.float64(102.09215514727326)),(62141, np.float64(102.09215514727326)),(57928, np.float64(102.09215514727326)),(48641, np.float64(102.09215514727326)),(31965, np.float64(102.09215514727326)),(47684, np.float64(102.09215514727326))"
266781,266781,"(57441, np.float64(102.09215514727326)),(20518, np.float64(102.09215514727326)),(17833, np.float64(102.09215514727326)),(34425, np.float64(102.09215514727326)),(51564, np.float64(102.09215514727326)),(62141, np.float64(102.09215514727326)),(57928, np.float64(102.09215514727326)),(48641, np.float64(102.09215514727326)),(31965, np.float64(102.09215514727326)),(47684, np.float64(102.09215514727326))"
267245,267245,"(57441, np.float64(102.09215514727326)),(20518, np.float64(102.09215514727326)),(17833, np.float64(102.09215514727326)),(34425, np.float64(102.09215514727326)),(51564, np.float64(102.09215514727326)),(62141, np.float64(102.09215514727326)),(57928, np.float64(102.09215514727326)),(48641, np.float64(102.09215514727326)),(31965, np.float64(102.09215514727326)),(47684, np.float64(102.09215514727326))"
267355,267355,"(57441, np.float64(102.09215514727326)),(20518, np.float64(102.09215514727326)),(17833, np.float64(102.09215514727326)),(34425, np.float64(102.09215514727326)),(51564, np.float64(102.09215514727326)),(62141, np.float64(102.09215514727326)),(57928, np.float64(102.09215514727326)),(48641, np.float64(102.09215514727326)),(31965, np.float64(102.09215514727326)),(47684, np.float64(102.09215514727326))"
267363,267363,"(57441, np.float64(102.09215514727326)),(20518, np.float64(102.09215514727326)),(17833, np.float64(102.09215514727326)),(34425, np.float64(102.09215514727326)),(51564, np.float64(102.09215514727326)),(62141, np.float64(102.09215514727326)),(57928, np.float64(102.09215514727326)),(48641, np.float64(102.09215514727326)),(31965, np.float64(102.09215514727326)),(47684, np.float64(102.09215514727326))"
267517,267517,"(57441, np.float64(102.09215514727326)),(20518, np.float64(102.09215514727326)),(17833, np.float64(102.09215514727326)),(34425, np.float64(102.09215514727326)),(51564, np.float64(102.09215514727326)),(62141, np.float64(102.09215514727326)),(57928, np.float64(102.09215514727326)),(48641, np.float64(102.09215514727326)),(31965, np.float64(102.09215514727326)),(47684, np.float64(102.09215514727326))"
268334,268334,"(57441, np.float64(102.09215514727326)),(20518, np.float64(102.09215514727326)),(17833, np.float64(102.09215514727326)),(34425, np.float64(102.09215514727326)),(51564, np.float64(102.09215514727326)),(62141, np.float64(102.09215514727326)),(57928, np.float64(102.09215514727326)),(48641, np.float64(102.09215514727326)),(31965, np.float64(102.09215514727326)),(47684, np.float64(102.09215514727326))"
268407,268407,"(57441, np.float64(102.09215514727326)),(20518, np.float64(102.09215514727326)),(17833, np.float64(102.09215514727326)),(34425, np.float64(102.09215514727326)),(51564, np.float64(102.09215514727326)),(62141, np.float64(102.09215514727326)),(57928, np.float64(102.09215514727326)),(48641, np.float64(102.09215514727326)),(31965, np.float64(102.09215514727326)),(47684, np.float64(102.09215514727326))"
268500,268500,"20518,17833,34425,51564,62141,48641,47684,8412,44271,14278"
268839,268839,"(57441, np.float64(102.09215514727326)),(20518, np.float64(102.09215514727326)),(17833, np.float64(102.09215514727326)),(34425, np.float64(102.09215514727326)),(51564, np.float64(102.09215514727326)),(62141, np.float64(102.09215514727326)),(57928, np.float64(102.09215514727326)),(48641, np.float64(102.09215514727326)),(31965, np.float64(102.09215514727326)),(47684, np.float64(102.09215514727326))"
269034,269034,"(57441, np.float64(102.09215514727326)),(20518, np.float64(102.09215514727326)),(17833, np.float64(102.09215514727326)),(34425, np.float64(102.09215514727326)),(51564, np.float64(102.09215514727326)),(62141, np.float64(102.09215514727326)),(57928, np.float64(102.09215514727326)),(48641, np.float64(102.09215514727326)),(31965, np.float64(102.09215514727326)),(47684, np.float64(102.09215514727326))"
271578,271578,"(57441, np.float64(102.09215514727326)),(20518, np.float64(102.09215514727326)),(17833, np.float64(102.09215514727326)),(34425, np.float64(102.09215514727326)),(51564, np.float64(102.09215514727326)),(62141, np.float64(102.09215514727326)),(57928, np.float64(102.09215514727326)),(48641, np.float64(102.09215514727326)),(31965, np.float64(102.09215514727326)),(47684, np.float64(102.09215514727326))"
271757,271757,"(57441, np.float64(102.09215514727326)),(20518, np.float64(102.09215514727326)),(17833, np.float64(102.09215514727326)),(34425, np.float64(102.09215514727326)),(51564, np.float64(102.09215514727326)),(62141, np.float64(102.09215514727326)),(57928, np.float64(102.09215514727326)),(48641, np.float64(102.09215514727326)),(31965, np.float64(102.09215514727326)),(47684, np.float64(102.09215514727326))"
272173,272173,"(57441, np.float64(102.09215514727326)),(20518, np.float64(102.09215514727326)),(17833, np.float64(102.09215514727326)),(34425, np.float64(102.09215514727326)),(51564, np.float64(102.09215514727326)),(62141, np.float64(102.09215514727326)),(57928, np.float64(102.09215514727326)),(48641, np.float64(102.09215514727326)),(31965, np.float64(102.09215514727326)),(47684, np.float64(102.09215514727326))"
272198,272198,"(57441, np.float64(102.09215514727326)),(20518, np.float64(102.09215514727326)),(17833, np.float64(102.09215514727326)),(34425, np.float64(102.09215514727326)),(51564, np.float64(102.09215514727326)),(62141, np.float64(102.09215514727326)),(57928, np.float64(102.09215514727326)),(48641, np.float64(102.09215514727326)),(31965, np.float64(102.09215514727326)),(47684, np.float64(102.09215514727326))"
272678,272678,"(57441, np.float64(102.09215514727326)),(20518, np.float64(102.09215514727326)),(17833, np.float64(102.09215514727326)),(34425, np.float64(102.09215514727326)),(51564, np.float64(102.09215514727326)),(62141, np.float64(102.09215514727326)),(57928, np.float64(102.09215514727326)),(48641, np.float64(102.09215514727326)),(31965, np.float64(102.09215514727326)),(47684, np.float64(102.09215514727326))"
272900,272900,"(57441, np.float64(102.09215514727326)),(20518, np.float64(102.09215514727326)),(17833, np.float64(102.09215514727326)),(34425, np.float64(102.09215514727326)),(51564, np.float64(102.09215514727326)),(62141, np.float64(102.09215514727326)),(57928, np.float64(102.09215514727326)),(48641, np.float64(102.09215514727326)),(31965, np.float64(102.09215514727326)),(47684, np.float64(102.09215514727326))"
273464,273464,"(57441, np.float64(102.09215514727326)),(20518, np.float64(102.09215514727326)),(17833, np.float64(102.09215514727326)),(34425, np.float64(102.09215514727326)),(51564, np.float64(102.09215514727326)),(62141, np.float64(102.09215514727326)),(57928, np.float64(102.09215514727326)),(48641, np.float64(102.09215514727326)),(31965, np.float64(102.09215514727326)),(47684, np.float64(102.09215514727326))"
274387,274387,"(57441, np.float64(102.09215514727326)),(20518, np.float64(102.09215514727326)),(17833, np.float64(102.09215514727326)),(34425, np.float64(102.09215514727326)),(51564, np.float64(102.09215514727326)),(62141, np.float64(102.09215514727326)),(57928, np.float64(102.09215514727326)),(48641, np.float64(102.09215514727326)),(31965, np.float64(102.09215514727326)),(47684, np.float64(102.09215514727326))"
274681,274681,"(57441, np.float64(102.09215514727326)),(20518, np.float64(102.09215514727326)),(17833, np.float64(102.09215514727326)),(34425, np.float64(102.09215514727326)),(51564, np.float64(102.09215514727326)),(62141, np.float64(102.09215514727326)),(57928, np.float64(102.09215514727326)),(48641, np.float64(102.09215514727326)),(31965, np.float64(102.09215514727326)),(47684, np.float64(102.09215514727326))"
274787,274787,"(57441, np.float64(102.09215514727326)),(20518, np.float64(102.09215514727326)),(17833, np.float64(102.09215514727326)),(34425, np.float64(102.09215514727326)),(51564, np.float64(102.09215514727326)),(62141, np.float64(102.09215514727326)),(57928, np.float64(102.09215514727326)),(48641, np.float64(102.09215514727326)),(31965, np.float64(102.09215514727326)),(47684, np.float64(102.09215514727326))"
275440,275440,"(57441, np.float64(102.09215514727326)),(20518, np.float64(102.09215514727326)),(17833, np.float64(102.09215514727326)),(34425, np.float64(102.09215514727326)),(51564, np.float64(102.09215514727326)),(62141, np.float64(102.09215514727326)),(57928, np.float64(102.09215514727326)),(48641, np.float64(102.09215514727326)),(31965, np.float64(102.09215514727326)),(47684, np.float64(102.09215514727326))"
275807,275807,"(57441, np.float64(102.09215514727326)),(20518, np.float64(102.09215514727326)),(17833, np.float64(102.09215514727326)),(34425, np.float64(102.09215514727326)),(51564, np.float64(102.09215514727326)),(62141, np.float64(102.09215514727326)),(57928, np.float64(102.09215514727326)),(48641, np.float64(102.09215514727326)),(31965, np.float64(102.09215514727326)),(47684, np.float64(102.09215514727326))"
276067,276067,"(57441, np.float64(102.09215514727326)),(20518, np.float64(102.09215514727326)),(17833, np.float64(102.09215514727326)),(34425, np.float64(102.09215514727326)),(51564, np.float64(102.09215514727326)),(62141, np.float64(102.09215514727326)),(57928, np.float64(102.09215514727326)),(48641, np.float64(102.09215514727326)),(31965, np.float64(102.09215514727326)),(47684, np.float64(102.09215514727326))"
276454,276454,"(57441, np.float64(102.09215514727326)),(20518, np.float64(102.09215514727326)),(17833, np.float64(102.09215514727326)),(34425, np.float64(102.09215514727326)),(51564, np.float64(102.09215514727326)),(62141, np.float64(102.09215514727326)),(57928, np.float64(102.09215514727326)),(48641, np.float64(102.09215514727326)),(31965, np.float64(102.09215514727326)),(47684, np.float64(102.09215514727326))"
276754,276754,"(57441, np.float64(102.09215514727326)),(20518, np.float64(102.09215514727326)),(17833, np.float64(102.09215514727326)),(34425, np.float64(102.09215514727326)),(51564, np.float64(102.09215514727326)),(62141, np.float64(102.09215514727326)),(57928, np.float64(102.09215514727326)),(48641, np.float64(102.09215514727326)),(31965, np.float64(102.09215514727326)),(47684, np.float64(102.09215514727326))"
277105,277105,"(57441, np.float64(102.09215514727326)),(20518, np.float64(102.09215514727326)),(17833, np.float64(102.09215514727326)),(34425, np.float64(102.09215514727326)),(51564, np.float64(102.09215514727326)),(62141, np.float64(102.09215514727326)),(57928, np.float64(102.09215514727326)),(48641, np.float64(102.09215514727326)),(31965, np.float64(102.09215514727326)),(47684, np.float64(102.09215514727326))"
277404,277404,"(57441, np.float64(102.09215514727326)),(20518, np.float64(102.09215514727326)),(17833, np.float64(102.09215514727326)),(34425, np.float64(102.09215514727326)),(51564, np.float64(102.09215514727326)),(62141, np.float64(102.09215514727326)),(57928, np.float64(102.09215514727326)),(48641, np.float64(102.09215514727326)),(31965, np.float64(102.09215514727326)),(47684, np.float64(102.09215514727326))"
277435,277435,"(57441, np.float64(102.09215514727326)),(20518, np.float64(102.09215514727326)),(17833, np.float64(102.09215514727326)),(34425, np.float64(102.09215514727326)),(51564, np.float64(102.09215514727326)),(62141, np.float64(102.09215514727326)),(57928, np.float64(102.09215514727326)),(48641, np.float64(102.09215514727326)),(31965, np.float64(102.09215514727326)),(47684, np.float64(102.09215514727326))"
277583,277583,"(57441, np.float64(102.09215514727326)),(20518, np.float64(102.09215514727326)),(17833, np.float64(102.09215514727326)),(34425, np.float64(102.09215514727326)),(51564, np.float64(102.09215514727326)),(62141, np.float64(102.09215514727326)),(57928, np.float64(102.09215514727326)),(48641, np.float64(102.09215514727326)),(31965, np.float64(102.09215514727326)),(47684, np.float64(102.09215514727326))"
277756,277756,"(57441, np.float64(102.09215514727326)),(20518, np.float64(102.09215514727326)),(17833, np.float64(102.09215514727326)),(34425, np.float64(102.09215514727326)),(51564, np.float64(102.09215514727326)),(62141, np.float64(102.09215514727326)),(57928, np.float64(102.09215514727326)),(48641, np.float64(102.09215514727326)),(31965, np.float64(102.09215514727326)),(47684, np.float64(102.09215514727326))"
277943,277943,"(57441, np.float64(102.09215514727326)),(20518, np.float64(102.09215514727326)),(17833, np.float64(102.09215514727326)),(34425, np.float64(102.09215514727326)),(51564, np.float64(102.09215514727326)),(62141, np.float64(102.09215514727326)),(57928, np.float64(102.09215514727326)),(48641, np.float64(102.09215514727326)),(31965, np.float64(102.09215514727326)),(47684, np.float64(102.09215514727326))"
278150,278150,"(57441, np.float64(102.09215514727326)),(20518, np.float64(102.09215514727326)),(17833, np.float64(102.09215514727326)),(34425, np.float64(102.09215514727326)),(51564, np.float64(102.09215514727326)),(62141, np.float64(102.09215514727326)),(57928, np.float64(102.09215514727326)),(48641, np.float64(102.09215514727326)),(31965, np.float64(102.09215514727326)),(47684, np.float64(102.09215514727326))"
278359,278359,"(57441, np.float64(102.09215514727326)),(20518, np.float64(102.09215514727326)),(17833, np.float64(102.09215514727326)),(34425, np.float64(102.09215514727326)),(51564, np.float64(102.09215514727326)),(62141, np.float64(102.09215514727326)),(57928, np.float64(102.09215514727326)),(48641, np.float64(102.09215514727326)),(31965, np.float64(102.09215514727326)),(47684, np.float64(102.09215514727326))"
278586,278586,"(57441, np.float64(102.09215514727326)),(20518, np.float64(102.09215514727326)),(17833, np.float64(102.09215514727326)),(34425, np.float64(102.09215514727326)),(51564, np.float64(102.09215514727326)),(62141, np.float64(102.09215514727326)),(57928, np.float64(102.09215514727326)),(48641, np.float64(102.09215514727326)),(31965, np.float64(102.09215514727326)),(47684, np.float64(102.09215514727326))"
279235,279235,"(57441, np.float64(102.09215514727326)),(20518, np.float64(102.09215514727326)),(17833, np.float64(102.09215514727326)),(34425, np.float64(102.09215514727326)),(51564, np.float64(102.09215514727326)),(62141, np.float64(102.09215514727326)),(57928, np.float64(102.09215514727326)),(48641, np.float64(102.09215514727326)),(31965, np.float64(102.09215514727326)),(47684, np.float64(102.09215514727326))"
279512,279512,"(57441, np.float64(102.09215514727326)),(20518, np.float64(102.09215514727326)),(17833, np.float64(102.09215514727326)),(34425, np.float64(102.09215514727326)),(51564, np.float64(102.09215514727326)),(62141, np.float64(102.09215514727326)),(57928, np.float64(102.09215514727326)),(48641, np.float64(102.09215514727326)),(31965, np.float64(102.09215514727326)),(47684, np.float64(102.09215514727326))"
279614,279614,"(57441, np.float64(102.09215514727326)),(20518, np.float64(102.09215514727326)),(17833, np.float64(102.09215514727326)),(34425, np.float64(102.09215514727326)),(51564, np.float64(102.09215514727326)),(62141, np.float64(102.09215514727326)),(57928, np.float64(102.09215514727326)),(48641, np.float64(102.09215514727326)),(31965, np.float64(102.09215514727326)),(47684, np.float64(102.09215514727326))"
279777,279777,"(57441, np.float64(102.09215514727326)),(20518, np.float64(102.09215514727326)),(17833, np.float64(102.09215514727326)),(34425, np.float64(102.09215514727326)),(51564, np.float64(102.09215514727326)),(62141, np.float64(102.09215514727326)),(57928, np.float64(102.09215514727326)),(48641, np.float64(102.09215514727326)),(31965, np.float64(102.09215514727326)),(47684, np.float64(102.09215514727326))"
279901,279901,"(57441, np.float64(102.09215514727326)),(20518, np.float64(102.09215514727326)),(17833, np.float64(102.09215514727326)),(34425, np.float64(102.09215514727326)),(51564, np.float64(102.09215514727326)),(62141, np.float64(102.09215514727326)),(57928, np.float64(102.09215514727326)),(48641, np.float64(102.09215514727326)),(31965, np.float64(102.09215514727326)),(47684, np.float64(102.09215514727326))"
280250,280250,"(57441, np.float64(102.09215514727326)),(20518, np.float64(102.09215514727326)),(17833, np.float64(102.09215514727326)),(34425, np.float64(102.09215514727326)),(51564, np.float64(102.09215514727326)),(62141, np.float64(102.09215514727326)),(57928, np.float64(102.09215514727326)),(48641, np.float64(102.09215514727326)),(31965, np.float64(102.09215514727326)),(47684, np.float64(102.09215514727326))"
280338,280338,"(57441, np.float64(102.09215514727326)),(20518, np.float64(102.09215514727326)),(17833, np.float64(102.09215514727326)),(34425, np.float64(102.09215514727326)),(51564, np.float64(102.09215514727326)),(62141, np.float64(102.09215514727326)),(57928, np.float64(102.09215514727326)),(48641, np.float64(102.09215514727326)),(31965, np.float64(102.09215514727326)),(47684, np.float64(102.09215514727326))"
281507,281507,"(57441, np.float64(102.09215514727326)),(20518, np.float64(102.09215514727326)),(17833, np.float64(102.09215514727326)),(34425, np.float64(102.09215514727326)),(51564, np.float64(102.09215514727326)),(62141, np.float64(102.09215514727326)),(57928, np.float64(102.09215514727326)),(48641, np.float64(102.09215514727326)),(31965, np.float64(102.09215514727326)),(47684, np.float64(102.09215514727326))"
281843,281843,"(57441, np.float64(102.09215514727326)),(20518, np.float64(102.09215514727326)),(17833, np.float64(102.09215514727326)),(34425, np.float64(102.09215514727326)),(51564, np.float64(102.09215514727326)),(62141, np.float64(102.09215514727326)),(57928, np.float64(102.09215514727326)),(48641, np.float64(102.09215514727326)),(31965, np.float64(102.09215514727326)),(47684, np.float64(102.09215514727326))"
282002,282002,"(57441, np.float64(102.09215514727326)),(20518, np.float64(102.09215514727326)),(17833, np.float64(102.09215514727326)),(34425, np.float64(102.09215514727326)),(51564, np.float64(102.09215514727326)),(62141, np.float64(102.09215514727326)),(57928, np.float64(102.09215514727326)),(48641, np.float64(102.09215514727326)),(31965, np.float64(102.09215514727326)),(47684, np.float64(102.09215514727326))"
282166,282166,"(57441, np.float64(102.09215514727326)),(20518, np.float64(102.09215514727326)),(17833, np.float64(102.09215514727326)),(34425, np.float64(102.09215514727326)),(51564, np.float64(102.09215514727326)),(62141, np.float64(102.09215514727326)),(57928, np.float64(102.09215514727326)),(48641, np.float64(102.09215514727326)),(31965, np.float64(102.09215514727326)),(47684, np.float64(102.09215514727326))"
284189,284189,"(57441, np.float64(102.09215514727326)),(20518, np.float64(102.09215514727326)),(17833, np.float64(102.09215514727326)),(34425, np.float64(102.09215514727326)),(51564, np.float64(102.09215514727326)),(62141, np.float64(102.09215514727326)),(57928, np.float64(102.09215514727326)),(48641, np.float64(102.09215514727326)),(31965, np.float64(102.09215514727326)),(47684, np.float64(102.09215514727326))"
285510,285510,"(57441, np.float64(102.09215514727326)),(20518, np.float64(102.09215514727326)),(17833, np.float64(102.09215514727326)),(34425, np.float64(102.09215514727326)),(51564, np.float64(102.09215514727326)),(62141, np.float64(102.09215514727326)),(57928, np.float64(102.09215514727326)),(48641, np.float64(102.09215514727326)),(31965, np.float64(102.09215514727326)),(47684, np.float64(102.09215514727326))"
285875,285875,"(57441, np.float64(102.09215514727326)),(20518, np.float64(102.09215514727326)),(17833, np.float64(102.09215514727326)),(34425, np.float64(102.09215514727326)),(51564, np.float64(102.09215514727326)),(62141, np.float64(102.09215514727326)),(57928, np.float64(102.09215514727326)),(48641, np.float64(102.09215514727326)),(31965, np.float64(102.09215514727326)),(47684, np.float64(102.09215514727326))"
285934,285934,"(57441, np.float64(102.09215514727326)),(20518, np.float64(102.09215514727326)),(17833, np.float64(102.09215514727326)),(34425, np.float64(102.09215514727326)),(51564, np.float64(102.09215514727326)),(62141, np.float64(102.09215514727326)),(57928, np.float64(102.09215514727326)),(48641, np.float64(102.09215514727326)),(31965, np.float64(102.09215514727326)),(47684, np.float64(102.09215514727326))"
286491,286491,"(57441, np.float64(102.09215514727326)),(20518, np.float64(102.09215514727326)),(17833, np.float64(102.09215514727326)),(34425, np.float64(102.09215514727326)),(51564, np.float64(102.09215514727326)),(62141, np.float64(102.09215514727326)),(57928, np.float64(102.09215514727326)),(48641, np.float64(102.09215514727326)),(31965, np.float64(102.09215514727326)),(47684, np.float64(102.09215514727326))"
286856,286856,"(57441, np.float64(102.09215514727326)),(20518, np.float64(102.09215514727326)),(17833, np.float64(102.09215514727326)),(34425, np.float64(102.09215514727326)),(51564, np.float64(102.09215514727326)),(62141, np.float64(102.09215514727326)),(57928, np.float64(102.09215514727326)),(48641, np.float64(102.09215514727326)),(31965, np.float64(102.09215514727326)),(47684, np.float64(102.09215514727326))"
286962,286962,"(57441, np.float64(102.09215514727326)),(20518, np.float64(102.09215514727326)),(17833, np.float64(102.09215514727326)),(34425, np.float64(102.09215514727326)),(51564, np.float64(102.09215514727326)),(62141, np.float64(102.09215514727326)),(57928, np.float64(102.09215514727326)),(48641, np.float64(102.09215514727326)),(31965, np.float64(102.09215514727326)),(47684, np.float64(102.09215514727326))"
287100,287100,"(57441, np.float64(102.09215514727326)),(20518, np.float64(102.09215514727326)),(17833, np.float64(102.09215514727326)),(34425, np.float64(102.09215514727326)),(51564, np.float64(102.09215514727326)),(62141, np.float64(102.09215514727326)),(57928, np.float64(102.09215514727326)),(48641, np.float64(102.09215514727326)),(31965, np.float64(102.09215514727326)),(47684, np.float64(102.09215514727326))"
287513,287513,"(57441, np.float64(102.09215514727326)),(20518, np.float64(102.09215514727326)),(17833, np.float64(102.09215514727326)),(34425, np.float64(102.09215514727326)),(51564, np.float64(102.09215514727326)),(62141, np.float64(102.09215514727326)),(57928, np.float64(102.09215514727326)),(48641, np.float64(102.09215514727326)),(31965, np.float64(102.09215514727326)),(47684, np.float64(102.09215514727326))"
287536,287536,"(57441, np.float64(102.09215514727326)),(20518, np.float64(102.09215514727326)),(17833, np.float64(102.09215514727326)),(34425, np.float64(102.09215514727326)),(51564, np.float64(102.09215514727326)),(62141, np.float64(102.09215514727326)),(57928, np.float64(102.09215514727326)),(48641, np.float64(102.09215514727326)),(31965, np.float64(102.09215514727326)),(47684, np.float64(102.09215514727326))"
288059,288059,"(57441, np.float64(102.09215514727326)),(20518, np.float64(102.09215514727326)),(17833, np.float64(102.09215514727326)),(34425, np.float64(102.09215514727326)),(51564, np.float64(102.09215514727326)),(62141, np.float64(102.09215514727326)),(57928, np.float64(102.09215514727326)),(48641, np.float64(102.09215514727326)),(31965, np.float64(102.09215514727326)),(47684, np.float64(102.09215514727326))"
288495,288495,"(57441, np.float64(102.09215514727326)),(20518, np.float64(102.09215514727326)),(17833, np.float64(102.09215514727326)),(34425, np.float64(102.09215514727326)),(51564, np.float64(102.09215514727326)),(62141, np.float64(102.09215514727326)),(57928, np.float64(102.09215514727326)),(48641, np.float64(102.09215514727326)),(31965, np.float64(102.09215514727326)),(47684, np.float64(102.09215514727326))"
288583,288583,"(57441, np.float64(102.09215514727326)),(20518, np.float64(102.09215514727326)),(17833, np.float64(102.09215514727326)),(34425, np.float64(102.09215514727326)),(51564, np.float64(102.09215514727326)),(62141, np.float64(102.09215514727326)),(57928, np.float64(102.09215514727326)),(48641, np.float64(102.09215514727326)),(31965, np.float64(102.09215514727326)),(47684, np.float64(102.09215514727326))"
288765,288765,"(57441, np.float64(102.09215514727326)),(20518, np.float64(102.09215514727326)),(17833, np.float64(102.09215514727326)),(34425, np.float64(102.09215514727326)),(51564, np.float64(102.09215514727326)),(62141, np.float64(102.09215514727326)),(57928, np.float64(102.09215514727326)),(48641, np.float64(102.09215514727326)),(31965, np.float64(102.09215514727326)),(47684, np.float64(102.09215514727326))"
288809,288809,"(57441, np.float64(102.09215514727326)),(20518, np.float64(102.09215514727326)),(17833, np.float64(102.09215514727326)),(34425, np.float64(102.09215514727326)),(51564, np.float64(102.09215514727326)),(62141, np.float64(102.09215514727326)),(57928, np.float64(102.09215514727326)),(48641, np.float64(102.09215514727326)),(31965, np.float64(102.09215514727326)),(47684, np.float64(102.09215514727326))"
288956,288956,"(57441, np.float64(102.09215514727326)),(20518, np.float64(102.09215514727326)),(17833, np.float64(102.09215514727326)),(34425, np.float64(102.09215514727326)),(51564, np.float64(102.09215514727326)),(62141, np.float64(102.09215514727326)),(57928, np.float64(102.09215514727326)),(48641, np.float64(102.09215514727326)),(31965, np.float64(102.09215514727326)),(47684, np.float64(102.09215514727326))"
290428,290428,"(57441, np.float64(102.09215514727326)),(20518, np.float64(102.09215514727326)),(17833, np.float64(102.09215514727326)),(34425, np.float64(102.09215514727326)),(51564, np.float64(102.09215514727326)),(62141, np.float64(102.09215514727326)),(57928, np.float64(102.09215514727326)),(48641, np.float64(102.09215514727326)),(31965, np.float64(102.09215514727326)),(47684, np.float64(102.09215514727326))"
291023,291023,"(57441, np.float64(102.09215514727326)),(20518, np.float64(102.09215514727326)),(17833, np.float64(102.09215514727326)),(34425, np.float64(102.09215514727326)),(51564, np.float64(102.09215514727326)),(62141, np.float64(102.09215514727326)),(57928, np.float64(102.09215514727326)),(48641, np.float64(102.09215514727326)),(31965, np.float64(102.09215514727326)),(47684, np.float64(102.09215514727326))"
291872,291872,"(57441, np.float64(102.09215514727326)),(20518, np.float64(102.09215514727326)),(17833, np.float64(102.09215514727326)),(34425, np.float64(102.09215514727326)),(51564, np.float64(102.09215514727326)),(62141, np.float64(102.09215514727326)),(57928, np.float64(102.09215514727326)),(48641, np.float64(102.09215514727326)),(31965, np.float64(102.09215514727326)),(47684, np.float64(102.09215514727326))"
292364,292364,"(57441, np.float64(102.09215514727326)),(20518, np.float64(102.09215514727326)),(17833, np.float64(102.09215514727326)),(34425, np.float64(102.09215514727326)),(51564, np.float64(102.09215514727326)),(62141, np.float64(102.09215514727326)),(57928, np.float64(102.09215514727326)),(48641, np.float64(102.09215514727326)),(31965, np.float64(102.09215514727326)),(47684, np.float64(102.09215514727326))"
292387,292387,"(57441, np.float64(102.09215514727326)),(20518, np.float64(102.09215514727326)),(17833, np.float64(102.09215514727326)),(34425, np.float64(102.09215514727326)),(51564, np.float64(102.09215514727326)),(62141, np.float64(102.09215514727326)),(57928, np.float64(102.09215514727326)),(48641, np.float64(102.09215514727326)),(31965, np.float64(102.09215514727326)),(47684, np.float64(102.09215514727326))"
292456,292456,"(57441, np.float64(102.09215514727326)),(20518, np.float64(102.09215514727326)),(17833, np.float64(102.09215514727326)),(34425, np.float64(102.09215514727326)),(51564, np.float64(102.09215514727326)),(62141, np.float64(102.09215514727326)),(57928, np.float64(102.09215514727326)),(48641, np.float64(102.09215514727326)),(31965, np.float64(102.09215514727326)),(47684, np.float64(102.09215514727326))"
292531,292531,"(57441, np.float64(102.09215514727326)),(20518, np.float64(102.09215514727326)),(17833, np.float64(102.09215514727326)),(34425, np.float64(102.09215514727326)),(51564, np.float64(102.09215514727326)),(62141, np.float64(102.09215514727326)),(57928, np.float64(102.09215514727326)),(48641, np.float64(102.09215514727326)),(31965, np.float64(102.09215514727326)),(47684, np.float64(102.09215514727326))"
292892,292892,"(57441, np.float64(102.09215514727326)),(20518, np.float64(102.09215514727326)),(17833, np.float64(102.09215514727326)),(34425, np.float64(102.09215514727326)),(51564, np.float64(102.09215514727326)),(62141, np.float64(102.09215514727326)),(57928, np.float64(102.09215514727326)),(48641, np.float64(102.09215514727326)),(31965, np.float64(102.09215514727326)),(47684, np.float64(102.09215514727326))"
293001,293001,"(57441, np.float64(102.09215514727326)),(20518, np.float64(102.09215514727326)),(17833, np.float64(102.09215514727326)),(34425, np.float64(102.09215514727326)),(51564, np.float64(102.09215514727326)),(62141, np.float64(102.09215514727326)),(57928, np.float64(102.09215514727326)),(48641, np.float64(102.09215514727326)),(31965, np.float64(102.09215514727326)),(47684, np.float64(102.09215514727326))"
293603,293603,"(57441, np.float64(102.09215514727326)),(20518, np.float64(102.09215514727326)),(17833, np.float64(102.09215514727326)),(34425, np.float64(102.09215514727326)),(51564, np.float64(102.09215514727326)),(62141, np.float64(102.09215514727326)),(57928, np.float64(102.09215514727326)),(48641, np.float64(102.09215514727326)),(31965, np.float64(102.09215514727326)),(47684, np.float64(102.09215514727326))"
293844,293844,"(57441, np.float64(102.09215514727326)),(20518, np.float64(102.09215514727326)),(17833, np.float64(102.09215514727326)),(34425, np.float64(102.09215514727326)),(51564, np.float64(102.09215514727326)),(62141, np.float64(102.09215514727326)),(57928, np.float64(102.09215514727326)),(48641, np.float64(102.09215514727326)),(31965, np.float64(102.09215514727326)),(47684, np.float64(102.09215514727326))"
294133,294133,"20518,17833,34425,51564,62141,48641,47684,8412,44271,14278"
294429,294429,"(57441, np.float64(102.09215514727326)),(20518, np.float64(102.09215514727326)),(17833, np.float64(102.09215514727326)),(34425, np.float64(102.09215514727326)),(51564, np.float64(102.09215514727326)),(62141, np.float64(102.09215514727326)),(57928, np.float64(102.09215514727326)),(48641, np.float64(102.09215514727326)),(31965, np.float64(102.09215514727326)),(47684, np.float64(102.09215514727326))"
294450,294450,"(57441, np.float64(102.09215514727326)),(20518, np.float64(102.09215514727326)),(17833, np.float64(102.09215514727326)),(34425, np.float64(102.09215514727326)),(51564, np.float64(102.09215514727326)),(62141, np.float64(102.09215514727326)),(57928, np.float64(102.09215514727326)),(48641, np.float64(102.09215514727326)),(31965, np.float64(102.09215514727326)),(47684, np.float64(102.09215514727326))"
294601,294601,"(57441, np.float64(102.09215514727326)),(20518, np.float64(102.09215514727326)),(17833, np.float64(102.09215514727326)),(34425, np.float64(102.09215514727326)),(51564, np.float64(102.09215514727326)),(62141, np.float64(102.09215514727326)),(57928, np.float64(102.09215514727326)),(48641, np.float64(102.09215514727326)),(31965, np.float64(102.09215514727326)),(47684, np.float64(102.09215514727326))"
294766,294766,"(57441, np.float64(102.09215514727326)),(20518, np.float64(102.09215514727326)),(17833, np.float64(102.09215514727326)),(34425, np.float64(102.09215514727326)),(51564, np.float64(102.09215514727326)),(62141, np.float64(102.09215514727326)),(57928, np.float64(102.09215514727326)),(48641, np.float64(102.09215514727326)),(31965, np.float64(102.09215514727326)),(47684, np.float64(102.09215514727326))"
295074,295074,"(57441, np.float64(102.09215514727326)),(20518, np.float64(102.09215514727326)),(17833, np.float64(102.09215514727326)),(34425, np.float64(102.09215514727326)),(51564, np.float64(102.09215514727326)),(62141, np.float64(102.09215514727326)),(57928, np.float64(102.09215514727326)),(48641, np.float64(102.09215514727326)),(31965, np.float64(102.09215514727326)),(47684, np.float64(102.09215514727326))"
295274,295274,"(57441, np.float64(102.09215514727326)),(20518, np.float64(102.09215514727326)),(17833, np.float64(102.09215514727326)),(34425, np.float64(102.09215514727326)),(51564, np.float64(102.09215514727326)),(62141, np.float64(102.09215514727326)),(57928, np.float64(102.09215514727326)),(48641, np.float64(102.09215514727326)),(31965, np.float64(102.09215514727326)),(47684, np.float64(102.09215514727326))"
297085,297085,"(57441, np.float64(102.09215514727326)),(20518, np.float64(102.09215514727326)),(17833, np.float64(102.09215514727326)),(34425, np.float64(102.09215514727326)),(51564, np.float64(102.09215514727326)),(62141, np.float64(102.09215514727326)),(57928, np.float64(102.09215514727326)),(48641, np.float64(102.09215514727326)),(31965, np.float64(102.09215514727326)),(47684, np.float64(102.09215514727326))"
297200,297200,"(57441, np.float64(102.09215514727326)),(20518, np.float64(102.09215514727326)),(17833, np.float64(102.09215514727326)),(34425, np.float64(102.09215514727326)),(51564, np.float64(102.09215514727326)),(62141, np.float64(102.09215514727326)),(57928, np.float64(102.09215514727326)),(48641, np.float64(102.09215514727326)),(31965, np.float64(102.09215514727326)),(47684, np.float64(102.09215514727326))"
297844,297844,"(57441, np.float64(102.09215514727326)),(20518, np.float64(102.09215514727326)),(17833, np.float64(102.09215514727326)),(34425, np.float64(102.09215514727326)),(51564, np.float64(102.09215514727326)),(62141, np.float64(102.09215514727326)),(57928, np.float64(102.09215514727326)),(48641, np.float64(102.09215514727326)),(31965, np.float64(102.09215514727326)),(47684, np.float64(102.09215514727326))"
299012,299012,"(57441, np.float64(102.09215514727326)),(20518, np.float64(102.09215514727326)),(17833, np.float64(102.09215514727326)),(34425, np.float64(102.09215514727326)),(51564, np.float64(102.09215514727326)),(62141, np.float64(102.09215514727326)),(57928, np.float64(102.09215514727326)),(48641, np.float64(102.09215514727326)),(31965, np.float64(102.09215514727326)),(47684, np.float64(102.09215514727326))"
299074,299074,"(57441, np.float64(102.09215514727326)),(20518, np.float64(102.09215514727326)),(17833, np.float64(102.09215514727326)),(34425, np.float64(102.09215514727326)),(51564, np.float64(102.09215514727326)),(62141, np.float64(102.09215514727326)),(57928, np.float64(102.09215514727326)),(48641, np.float64(102.09215514727326)),(31965, np.float64(102.09215514727326)),(47684, np.float64(102.09215514727326))"
299249,299249,"(57441, np.float64(102.09215514727326)),(20518, np.float64(102.09215514727326)),(17833, np.float64(102.09215514727326)),(34425, np.float64(102.09215514727326)),(51564, np.float64(102.09215514727326)),(62141, np.float64(102.09215514727326)),(57928, np.float64(102.09215514727326)),(48641, np.float64(102.09215514727326)),(31965, np.float64(102.09215514727326)),(47684, np.float64(102.09215514727326))"
299294,299294,"(57441, np.float64(102.09215514727326)),(20518, np.float64(102.09215514727326)),(17833, np.float64(102.09215514727326)),(34425, np.float64(102.09215514727326)),(51564, np.float64(102.09215514727326)),(62141, np.float64(102.09215514727326)),(57928, np.float64(102.09215514727326)),(48641, np.float64(102.09215514727326)),(31965, np.float64(102.09215514727326)),(47684, np.float64(102.09215514727326))"
299476,299476,"(57441, np.float64(102.09215514727326)),(20518, np.float64(102.09215514727326)),(17833, np.float64(102.09215514727326)),(34425, np.float64(102.09215514727326)),(51564, np.float64(102.09215514727326)),(62141, np.float64(102.09215514727326)),(57928, np.float64(102.09215514727326)),(48641, np.float64(102.09215514727326)),(31965, np.float64(102.09215514727326)),(47684, np.float64(102.09215514727326))"
299739,299739,"(57441, np.float64(102.09215514727326)),(20518, np.float64(102.09215514727326)),(17833, np.float64(102.09215514727326)),(34425, np.float64(102.09215514727326)),(51564, np.float64(102.09215514727326)),(62141, np.float64(102.09215514727326)),(57928, np.float64(102.09215514727326)),(48641, np.float64(102.09215514727326)),(31965, np.float64(102.09215514727326)),(47684, np.float64(102.09215514727326))"
300269,300269,"(57441, np.float64(102.09215514727326)),(20518, np.float64(102.09215514727326)),(17833, np.float64(102.09215514727326)),(34425, np.float64(102.09215514727326)),(51564, np.float64(102.09215514727326)),(62141, np.float64(102.09215514727326)),(57928, np.float64(102.09215514727326)),(48641, np.float64(102.09215514727326)),(31965, np.float64(102.09215514727326)),(47684, np.float64(102.09215514727326))"
300617,300617,"(57441, np.float64(102.09215514727326)),(20518, np.float64(102.09215514727326)),(17833, np.float64(102.09215514727326)),(34425, np.float64(102.09215514727326)),(51564, np.float64(102.09215514727326)),(62141, np.float64(102.09215514727326)),(57928, np.float64(102.09215514727326)),(48641, np.float64(102.09215514727326)),(31965, np.float64(102.09215514727326)),(47684, np.float64(102.09215514727326))"
302027,302027,"(57441, np.float64(102.09215514727326)),(20518, np.float64(102.09215514727326)),(17833, np.float64(102.09215514727326)),(34425, np.float64(102.09215514727326)),(51564, np.float64(102.09215514727326)),(62141, np.float64(102.09215514727326)),(57928, np.float64(102.09215514727326)),(48641, np.float64(102.09215514727326)),(31965, np.float64(102.09215514727326)),(47684, np.float64(102.09215514727326))"
302734,302734,"(57441, np.float64(102.09215514727326)),(20518, np.float64(102.09215514727326)),(17833, np.float64(102.09215514727326)),(34425, np.float64(102.09215514727326)),(51564, np.float64(102.09215514727326)),(62141, np.float64(102.09215514727326)),(57928, np.float64(102.09215514727326)),(48641, np.float64(102.09215514727326)),(31965, np.float64(102.09215514727326)),(47684, np.float64(102.09215514727326))"
302749,302749,"(57441, np.float64(102.09215514727326)),(20518, np.float64(102.09215514727326)),(17833, np.float64(102.09215514727326)),(34425, np.float64(102.09215514727326)),(51564, np.float64(102.09215514727326)),(62141, np.float64(102.09215514727326)),(57928, np.float64(102.09215514727326)),(48641, np.float64(102.09215514727326)),(31965, np.float64(102.09215514727326)),(47684, np.float64(102.09215514727326))"
302827,302827,"(57441, np.float64(102.09215514727326)),(20518, np.float64(102.09215514727326)),(17833, np.float64(102.09215514727326)),(34425, np.float64(102.09215514727326)),(51564, np.float64(102.09215514727326)),(62141, np.float64(102.09215514727326)),(57928, np.float64(102.09215514727326)),(48641, np.float64(102.09215514727326)),(31965, np.float64(102.09215514727326)),(47684, np.float64(102.09215514727326))"
302869,302869,"(57441, np.float64(102.09215514727326)),(20518, np.float64(102.09215514727326)),(17833, np.float64(102.09215514727326)),(34425, np.float64(102.09215514727326)),(51564, np.float64(102.09215514727326)),(62141, np.float64(102.09215514727326)),(57928, np.float64(102.09215514727326)),(48641, np.float64(102.09215514727326)),(31965, np.float64(102.09215514727326)),(47684, np.float64(102.09215514727326))"
303624,303624,"(57441, np.float64(102.09215514727326)),(20518, np.float64(102.09215514727326)),(17833, np.float64(102.09215514727326)),(34425, np.float64(102.09215514727326)),(51564, np.float64(102.09215514727326)),(62141, np.float64(102.09215514727326)),(57928, np.float64(102.09215514727326)),(48641, np.float64(102.09215514727326)),(31965, np.float64(102.09215514727326)),(47684, np.float64(102.09215514727326))"
304249,304249,"(57441, np.float64(102.09215514727326)),(20518, np.float64(102.09215514727326)),(17833, np.float64(102.09215514727326)),(34425, np.float64(102.09215514727326)),(51564, np.float64(102.09215514727326)),(62141, np.float64(102.09215514727326)),(57928, np.float64(102.09215514727326)),(48641, np.float64(102.09215514727326)),(31965, np.float64(102.09215514727326)),(47684, np.float64(102.09215514727326))"
304344,304344,"(57441, np.float64(102.09215514727326)),(20518, np.float64(102.09215514727326)),(17833, np.float64(102.09215514727326)),(34425, np.float64(102.09215514727326)),(51564, np.float64(102.09215514727326)),(62141, np.float64(102.09215514727326)),(57928, np.float64(102.09215514727326)),(48641, np.float64(102.09215514727326)),(31965, np.float64(102.09215514727326)),(47684, np.float64(102.09215514727326))"
304566,304566,"(57441, np.float64(102.09215514727326)),(20518, np.float64(102.09215514727326)),(17833, np.float64(102.09215514727326)),(34425, np.float64(102.09215514727326)),(51564, np.float64(102.09215514727326)),(62141, np.float64(102.09215514727326)),(57928, np.float64(102.09215514727326)),(48641, np.float64(102.09215514727326)),(31965, np.float64(102.09215514727326)),(47684, np.float64(102.09215514727326))"
305234,305234,"(57441, np.float64(102.09215514727326)),(20518, np.float64(102.09215514727326)),(17833, np.float64(102.09215514727326)),(34425, np.float64(102.09215514727326)),(51564, np.float64(102.09215514727326)),(62141, np.float64(102.09215514727326)),(57928, np.float64(102.09215514727326)),(48641, np.float64(102.09215514727326)),(31965, np.float64(102.09215514727326)),(47684, np.float64(102.09215514727326))"
305740,305740,"(57441, np.float64(102.09215514727326)),(20518, np.float64(102.09215514727326)),(17833, np.float64(102.09215514727326)),(34425, np.float64(102.09215514727326)),(51564, np.float64(102.09215514727326)),(62141, np.float64(102.09215514727326)),(57928, np.float64(102.09215514727326)),(48641, np.float64(102.09215514727326)),(31965, np.float64(102.09215514727326)),(47684, np.float64(102.09215514727326))"
306146,306146,"(57441, np.float64(102.09215514727326)),(20518, np.float64(102.09215514727326)),(17833, np.float64(102.09215514727326)),(34425, np.float64(102.09215514727326)),(51564, np.float64(102.09215514727326)),(62141, np.float64(102.09215514727326)),(57928, np.float64(102.09215514727326)),(48641, np.float64(102.09215514727326)),(31965, np.float64(102.09215514727326)),(47684, np.float64(102.09215514727326))"
306308,306308,"(57441, np.float64(102.09215514727326)),(20518, np.float64(102.09215514727326)),(17833, np.float64(102.09215514727326)),(34425, np.float64(102.09215514727326)),(51564, np.float64(102.09215514727326)),(62141, np.float64(102.09215514727326)),(57928, np.float64(102.09215514727326)),(48641, np.float64(102.09215514727326)),(31965, np.float64(102.09215514727326)),(47684, np.float64(102.09215514727326))"
306692,306692,"(57441, np.float64(102.09215514727326)),(20518, np.float64(102.09215514727326)),(17833, np.float64(102.09215514727326)),(34425, np.float64(102.09215514727326)),(51564, np.float64(102.09215514727326)),(62141, np.float64(102.09215514727326)),(57928, np.float64(102.09215514727326)),(48641, np.float64(102.09215514727326)),(31965, np.float64(102.09215514727326)),(47684, np.float64(102.09215514727326))"
306989,306989,"(57441, np.float64(102.09215514727326)),(20518, np.float64(102.09215514727326)),(17833, np.float64(102.09215514727326)),(34425, np.float64(102.09215514727326)),(51564, np.float64(102.09215514727326)),(62141, np.float64(102.09215514727326)),(57928, np.float64(102.09215514727326)),(48641, np.float64(102.09215514727326)),(31965, np.float64(102.09215514727326)),(47684, np.float64(102.09215514727326))"
307108,307108,"(57441, np.float64(102.09215514727326)),(20518, np.float64(102.09215514727326)),(17833, np.float64(102.09215514727326)),(34425, np.float64(102.09215514727326)),(51564, np.float64(102.09215514727326)),(62141, np.float64(102.09215514727326)),(57928, np.float64(102.09215514727326)),(48641, np.float64(102.09215514727326)),(31965, np.float64(102.09215514727326)),(47684, np.float64(102.09215514727326))"
307495,307495,"(57441, np.float64(102.09215514727326)),(20518, np.float64(102.09215514727326)),(17833, np.float64(102.09215514727326)),(34425, np.float64(102.09215514727326)),(51564, np.float64(102.09215514727326)),(62141, np.float64(102.09215514727326)),(57928, np.float64(102.09215514727326)),(48641, np.float64(102.09215514727326)),(31965, np.float64(102.09215514727326)),(47684, np.float64(102.09215514727326))"
307637,307637,"(57441, np.float64(102.09215514727326)),(20518, np.float64(102.09215514727326)),(17833, np.float64(102.09215514727326)),(34425, np.float64(102.09215514727326)),(51564, np.float64(102.09215514727326)),(62141, np.float64(102.09215514727326)),(57928, np.float64(102.09215514727326)),(48641, np.float64(102.09215514727326)),(31965, np.float64(102.09215514727326)),(47684, np.float64(102.09215514727326))"
307669,307669,"(57441, np.float64(102.09215514727326)),(20518, np.float64(102.09215514727326)),(17833, np.float64(102.09215514727326)),(34425, np.float64(102.09215514727326)),(51564, np.float64(102.09215514727326)),(62141, np.float64(102.09215514727326)),(57928, np.float64(102.09215514727326)),(48641, np.float64(102.09215514727326)),(31965, np.float64(102.09215514727326)),(47684, np.float64(102.09215514727326))"
308254,308254,"(57441, np.float64(102.09215514727326)),(20518, np.float64(102.09215514727326)),(17833, np.float64(102.09215514727326)),(34425, np.float64(102.09215514727326)),(51564, np.float64(102.09215514727326)),(62141, np.float64(102.09215514727326)),(57928, np.float64(102.09215514727326)),(48641, np.float64(102.09215514727326)),(31965, np.float64(102.09215514727326)),(47684, np.float64(102.09215514727326))"
308551,308551,"20518,17833,34425,51564,62141,48641,47684,8412,44271,14278"
308805,308805,"(57441, np.float64(102.09215514727326)),(20518, np.float64(102.09215514727326)),(17833, np.float64(102.09215514727326)),(34425, np.float64(102.09215514727326)),(51564, np.float64(102.09215514727326)),(62141, np.float64(102.09215514727326)),(57928, np.float64(102.09215514727326)),(48641, np.float64(102.09215514727326)),(31965, np.float64(102.09215514727326)),(47684, np.float64(102.09215514727326))"
309506,309506,"20518,17833,34425,51564,62141,48641,47684,8412,44271,14278"
309594,309594,"(57441, np.float64(102.09215514727326)),(20518, np.float64(102.09215514727326)),(17833, np.float64(102.09215514727326)),(34425, np.float64(102.09215514727326)),(51564, np.float64(102.09215514727326)),(62141, np.float64(102.09215514727326)),(57928, np.float64(102.09215514727326)),(48641, np.float64(102.09215514727326)),(31965, np.float64(102.09215514727326)),(47684, np.float64(102.09215514727326))"
309777,309777,"(57441, np.float64(102.09215514727326)),(20518, np.float64(102.09215514727326)),(17833, np.float64(102.09215514727326)),(34425, np.float64(102.09215514727326)),(51564, np.float64(102.09215514727326)),(62141, np.float64(102.09215514727326)),(57928, np.float64(102.09215514727326)),(48641, np.float64(102.09215514727326)),(31965, np.float64(102.09215514727326)),(47684, np.float64(102.09215514727326))"
310087,310087,"(57441, np.float64(102.09215514727326)),(20518, np.float64(102.09215514727326)),(17833, np.float64(102.09215514727326)),(34425, np.float64(102.09215514727326)),(51564, np.float64(102.09215514727326)),(62141, np.float64(102.09215514727326)),(57928, np.float64(102.09215514727326)),(48641, np.float64(102.09215514727326)),(31965, np.float64(102.09215514727326)),(47684, np.float64(102.09215514727326))"
310171,310171,"(57441, np.float64(102.09215514727326)),(20518, np.float64(102.09215514727326)),(17833, np.float64(102.09215514727326)),(34425, np.float64(102.09215514727326)),(51564, np.float64(102.09215514727326)),(62141, np.float64(102.09215514727326)),(57928, np.float64(102.09215514727326)),(48641, np.float64(102.09215514727326)),(31965, np.float64(102.09215514727326)),(47684, np.float64(102.09215514727326))"
310215,310215,"20518,17833,34425,51564,62141,48641,47684,8412,44271,14278"
310217,310217,"(57441, np.float64(102.09215514727326)),(20518, np.float64(102.09215514727326)),(17833, np.float64(102.09215514727326)),(34425, np.float64(102.09215514727326)),(51564, np.float64(102.09215514727326)),(62141, np.float64(102.09215514727326)),(57928, np.float64(102.09215514727326)),(48641, np.float64(102.09215514727326)),(31965, np.float64(102.09215514727326)),(47684, np.float64(102.09215514727326))"
310925,310925,"(57441, np.float64(102.09215514727326)),(20518, np.float64(102.09215514727326)),(17833, np.float64(102.09215514727326)),(34425, np.float64(102.09215514727326)),(51564, np.float64(102.09215514727326)),(62141, np.float64(102.09215514727326)),(57928, np.float64(102.09215514727326)),(48641, np.float64(102.09215514727326)),(31965, np.float64(102.09215514727326)),(47684, np.float64(102.09215514727326))"
311752,311752,"(57441, np.float64(102.09215514727326)),(20518, np.float64(102.09215514727326)),(17833, np.float64(102.09215514727326)),(34425, np.float64(102.09215514727326)),(51564, np.float64(102.09215514727326)),(62141, np.float64(102.09215514727326)),(57928, np.float64(102.09215514727326)),(48641, np.float64(102.09215514727326)),(31965, np.float64(102.09215514727326)),(47684, np.float64(102.09215514727326))"
312232,312232,"(57441, np.float64(102.09215514727326)),(20518, np.float64(102.09215514727326)),(17833, np.float64(102.09215514727326)),(34425, np.float64(102.09215514727326)),(51564, np.float64(102.09215514727326)),(62141, np.float64(102.09215514727326)),(57928, np.float64(102.09215514727326)),(48641, np.float64(102.09215514727326)),(31965, np.float64(102.09215514727326)),(47684, np.float64(102.09215514727326))"
312362,312362,"(57441, np.float64(102.09215514727326)),(20518, np.float64(102.09215514727326)),(17833, np.float64(102.09215514727326)),(34425, np.float64(102.09215514727326)),(51564, np.float64(102.09215514727326)),(62141, np.float64(102.09215514727326)),(57928, np.float64(102.09215514727326)),(48641, np.float64(102.09215514727326)),(31965, np.float64(102.09215514727326)),(47684, np.float64(102.09215514727326))"
312363,312363,"(57441, np.float64(102.09215514727326)),(20518, np.float64(102.09215514727326)),(17833, np.float64(102.09215514727326)),(34425, np.float64(102.09215514727326)),(51564, np.float64(102.09215514727326)),(62141, np.float64(102.09215514727326)),(57928, np.float64(102.09215514727326)),(48641, np.float64(102.09215514727326)),(31965, np.float64(102.09215514727326)),(47684, np.float64(102.09215514727326))"
312438,312438,"(57441, np.float64(102.09215514727326)),(20518, np.float64(102.09215514727326)),(17833, np.float64(102.09215514727326)),(34425, np.float64(102.09215514727326)),(51564, np.float64(102.09215514727326)),(62141, np.float64(102.09215514727326)),(57928, np.float64(102.09215514727326)),(48641, np.float64(102.09215514727326)),(31965, np.float64(102.09215514727326)),(47684, np.float64(102.09215514727326))"
312583,312583,"(57441, np.float64(102.09215514727326)),(20518, np.float64(102.09215514727326)),(17833, np.float64(102.09215514727326)),(34425, np.float64(102.09215514727326)),(51564, np.float64(102.09215514727326)),(62141, np.float64(102.09215514727326)),(57928, np.float64(102.09215514727326)),(48641, np.float64(102.09215514727326)),(31965, np.float64(102.09215514727326)),(47684, np.float64(102.09215514727326))"
312698,312698,"(57441, np.float64(102.09215514727326)),(20518, np.float64(102.09215514727326)),(17833, np.float64(102.09215514727326)),(34425, np.float64(102.09215514727326)),(51564, np.float64(102.09215514727326)),(62141, np.float64(102.09215514727326)),(57928, np.float64(102.09215514727326)),(48641, np.float64(102.09215514727326)),(31965, np.float64(102.09215514727326)),(47684, np.float64(102.09215514727326))"
313486,313486,"(57441, np.float64(102.09215514727326)),(20518, np.float64(102.09215514727326)),(17833, np.float64(102.09215514727326)),(34425, np.float64(102.09215514727326)),(51564, np.float64(102.09215514727326)),(62141, np.float64(102.09215514727326)),(57928, np.float64(102.09215514727326)),(48641, np.float64(102.09215514727326)),(31965, np.float64(102.09215514727326)),(47684, np.float64(102.09215514727326))"
314436,314436,"(57441, np.float64(102.09215514727326)),(20518, np.float64(102.09215514727326)),(17833, np.float64(102.09215514727326)),(34425, np.float64(102.09215514727326)),(51564, np.float64(102.09215514727326)),(62141, np.float64(102.09215514727326)),(57928, np.float64(102.09215514727326)),(48641, np.float64(102.09215514727326)),(31965, np.float64(102.09215514727326)),(47684, np.float64(102.09215514727326))"
314808,314808,"20518,17833,34425,51564,62141,48641,47684,8412,44271,14278"
314950,314950,"(57441, np.float64(102.09215514727326)),(20518, np.float64(102.09215514727326)),(17833, np.float64(102.09215514727326)),(34425, np.float64(102.09215514727326)),(51564, np.float64(102.09215514727326)),(62141, np.float64(102.09215514727326)),(57928, np.float64(102.09215514727326)),(48641, np.float64(102.09215514727326)),(31965, np.float64(102.09215514727326)),(47684, np.float64(102.09215514727326))"
315077,315077,"(57441, np.float64(102.09215514727326)),(20518, np.float64(102.09215514727326)),(17833, np.float64(102.09215514727326)),(34425, np.float64(102.09215514727326)),(51564, np.float64(102.09215514727326)),(62141, np.float64(102.09215514727326)),(57928, np.float64(102.09215514727326)),(48641, np.float64(102.09215514727326)),(31965, np.float64(102.09215514727326)),(47684, np.float64(102.09215514727326))"
315663,315663,"(57441, np.float64(102.09215514727326)),(20518, np.float64(102.09215514727326)),(17833, np.float64(102.09215514727326)),(34425, np.float64(102.09215514727326)),(51564, np.float64(102.09215514727326)),(62141, np.float64(102.09215514727326)),(57928, np.float64(102.09215514727326)),(48641, np.float64(102.09215514727326)),(31965, np.float64(102.09215514727326)),(47684, np.float64(102.09215514727326))"
316797,316797,"(57441, np.float64(102.09215514727326)),(20518, np.float64(102.09215514727326)),(17833, np.float64(102.09215514727326)),(34425, np.float64(102.09215514727326)),(51564, np.float64(102.09215514727326)),(62141, np.float64(102.09215514727326)),(57928, np.float64(102.09215514727326)),(48641, np.float64(102.09215514727326)),(31965, np.float64(102.09215514727326)),(47684, np.float64(102.09215514727326))"
317430,317430,"(57441, np.float64(102.09215514727326)),(20518, np.float64(102.09215514727326)),(17833, np.float64(102.09215514727326)),(34425, np.float64(102.09215514727326)),(51564, np.float64(102.09215514727326)),(62141, np.float64(102.09215514727326)),(57928, np.float64(102.09215514727326)),(48641, np.float64(102.09215514727326)),(31965, np.float64(102.09215514727326)),(47684, np.float64(102.09215514727326))"
318059,318059,"(57441, np.float64(102.09215514727326)),(20518, np.float64(102.09215514727326)),(17833, np.float64(102.09215514727326)),(34425, np.float64(102.09215514727326)),(51564, np.float64(102.09215514727326)),(62141, np.float64(102.09215514727326)),(57928, np.float64(102.09215514727326)),(48641, np.float64(102.09215514727326)),(31965, np.float64(102.09215514727326)),(47684, np.float64(102.09215514727326))"
318394,318394,"(57441, np.float64(102.09215514727326)),(20518, np.float64(102.09215514727326)),(17833, np.float64(102.09215514727326)),(34425, np.float64(102.09215514727326)),(51564, np.float64(102.09215514727326)),(62141, np.float64(102.09215514727326)),(57928, np.float64(102.09215514727326)),(48641, np.float64(102.09215514727326)),(31965, np.float64(102.09215514727326)),(47684, np.float64(102.09215514727326))"
319548,319548,"(57441, np.float64(102.09215514727326)),(20518, np.float64(102.09215514727326)),(17833, np.float64(102.09215514727326)),(34425, np.float64(102.09215514727326)),(51564, np.float64(102.09215514727326)),(62141, np.float64(102.09215514727326)),(57928, np.float64(102.09215514727326)),(48641, np.float64(102.09215514727326)),(31965, np.float64(102.09215514727326)),(47684, np.float64(102.09215514727326))"
319942,319942,"(57441, np.float64(102.09215514727326)),(20518, np.float64(102.09215514727326)),(17833, np.float64(102.09215514727326)),(34425, np.float64(102.09215514727326)),(51564, np.float64(102.09215514727326)),(62141, np.float64(102.09215514727326)),(57928, np.float64(102.09215514727326)),(48641, np.float64(102.09215514727326)),(31965, np.float64(102.09215514727326)),(47684, np.float64(102.09215514727326))"
320068,320068,"(57441, np.float64(102.09215514727326)),(20518, np.float64(102.09215514727326)),(17833, np.float64(102.09215514727326)),(34425, np.float64(102.09215514727326)),(51564, np.float64(102.09215514727326)),(62141, np.float64(102.09215514727326)),(57928, np.float64(102.09215514727326)),(48641, np.float64(102.09215514727326)),(31965, np.float64(102.09215514727326)),(47684, np.float64(102.09215514727326))"
320221,320221,"(57441, np.float64(102.09215514727326)),(20518, np.float64(102.09215514727326)),(17833, np.float64(102.09215514727326)),(34425, np.float64(102.09215514727326)),(51564, np.float64(102.09215514727326)),(62141, np.float64(102.09215514727326)),(57928, np.float64(102.09215514727326)),(48641, np.float64(102.09215514727326)),(31965, np.float64(102.09215514727326)),(47684, np.float64(102.09215514727326))"
320630,320630,"(57441, np.float64(102.09215514727326)),(20518, np.float64(102.09215514727326)),(17833, np.float64(102.09215514727326)),(34425, np.float64(102.09215514727326)),(51564, np.float64(102.09215514727326)),(62141, np.float64(102.09215514727326)),(57928, np.float64(102.09215514727326)),(48641, np.float64(102.09215514727326)),(31965, np.float64(102.09215514727326)),(47684, np.float64(102.09215514727326))"
320846,320846,"(57441, np.float64(102.09215514727326)),(20518, np.float64(102.09215514727326)),(17833, np.float64(102.09215514727326)),(34425, np.float64(102.09215514727326)),(51564, np.float64(102.09215514727326)),(62141, np.float64(102.09215514727326)),(57928, np.float64(102.09215514727326)),(48641, np.float64(102.09215514727326)),(31965, np.float64(102.09215514727326)),(47684, np.float64(102.09215514727326))"
320984,320984,"(57441, np.float64(102.09215514727326)),(20518, np.float64(102.09215514727326)),(17833, np.float64(102.09215514727326)),(34425, np.float64(102.09215514727326)),(51564, np.float64(102.09215514727326)),(62141, np.float64(102.09215514727326)),(57928, np.float64(102.09215514727326)),(48641, np.float64(102.09215514727326)),(31965, np.float64(102.09215514727326)),(47684, np.float64(102.09215514727326))"
321080,321080,"(57441, np.float64(102.09215514727326)),(20518, np.float64(102.09215514727326)),(17833, np.float64(102.09215514727326)),(34425, np.float64(102.09215514727326)),(51564, np.float64(102.09215514727326)),(62141, np.float64(102.09215514727326)),(57928, np.float64(102.09215514727326)),(48641, np.float64(102.09215514727326)),(31965, np.float64(102.09215514727326)),(47684, np.float64(102.09215514727326))"
321310,321310,"(57441, np.float64(102.09215514727326)),(20518, np.float64(102.09215514727326)),(17833, np.float64(102.09215514727326)),(34425, np.float64(102.09215514727326)),(51564, np.float64(102.09215514727326)),(62141, np.float64(102.09215514727326)),(57928, np.float64(102.09215514727326)),(48641, np.float64(102.09215514727326)),(31965, np.float64(102.09215514727326)),(47684, np.float64(102.09215514727326))"
321542,321542,"(57441, np.float64(102.09215514727326)),(20518, np.float64(102.09215514727326)),(17833, np.float64(102.09215514727326)),(34425, np.float64(102.09215514727326)),(51564, np.float64(102.09215514727326)),(62141, np.float64(102.09215514727326)),(57928, np.float64(102.09215514727326)),(48641, np.float64(102.09215514727326)),(31965, np.float64(102.09215514727326)),(47684, np.float64(102.09215514727326))"
321936,321936,"(57441, np.float64(102.09215514727326)),(20518, np.float64(102.09215514727326)),(17833, np.float64(102.09215514727326)),(34425, np.float64(102.09215514727326)),(51564, np.float64(102.09215514727326)),(62141, np.float64(102.09215514727326)),(57928, np.float64(102.09215514727326)),(48641, np.float64(102.09215514727326)),(31965, np.float64(102.09215514727326)),(47684, np.float64(102.09215514727326))"
321980,321980,"(57441, np.float64(102.09215514727326)),(20518, np.float64(102.09215514727326)),(17833, np.float64(102.09215514727326)),(34425, np.float64(102.09215514727326)),(51564, np.float64(102.09215514727326)),(62141, np.float64(102.09215514727326)),(57928, np.float64(102.09215514727326)),(48641, np.float64(102.09215514727326)),(31965, np.float64(102.09215514727326)),(47684, np.float64(102.09215514727326))"
322774,322774,"(57441, np.float64(102.09215514727326)),(20518, np.float64(102.09215514727326)),(17833, np.float64(102.09215514727326)),(34425, np.float64(102.09215514727326)),(51564, np.float64(102.09215514727326)),(62141, np.float64(102.09215514727326)),(57928, np.float64(102.09215514727326)),(48641, np.float64(102.09215514727326)),(31965, np.float64(102.09215514727326)),(47684, np.float64(102.09215514727326))"
323056,323056,"(57441, np.float64(102.09215514727326)),(20518, np.float64(102.09215514727326)),(17833, np.float64(102.09215514727326)),(34425, np.float64(102.09215514727326)),(51564, np.float64(102.09215514727326)),(62141, np.float64(102.09215514727326)),(57928, np.float64(102.09215514727326)),(48641, np.float64(102.09215514727326)),(31965, np.float64(102.09215514727326)),(47684, np.float64(102.09215514727326))"
323427,323427,"(57441, np.float64(102.09215514727326)),(20518, np.float64(102.09215514727326)),(17833, np.float64(102.09215514727326)),(34425, np.float64(102.09215514727326)),(51564, np.float64(102.09215514727326)),(62141, np.float64(102.09215514727326)),(57928, np.float64(102.09215514727326)),(48641, np.float64(102.09215514727326)),(31965, np.float64(102.09215514727326)),(47684, np.float64(102.09215514727326))"
323497,323497,"20518,17833,34425,51564,62141,48641,47684,8412,44271,14278"
